train_start,train_end,test_start,test_end,window,entry_z,max_positions,train_obj,test_obj
2005-01-01,2009-12-31,2010-01-01,2010-12-31,10,1.5,3,0.5779878022817696,0.5692403481716404
2006-01-01,2010-12-31,2011-01-01,2011-12-31,10,1.5,5,0.5899474786247896,0.9376423706430879
2007-01-01,2011-12-31,2012-01-01,2012-12-31,10,1.5,3,0.6381245551464345,1.6518657360976332
2008-01-01,2012-12-31,2013-01-01,2013-12-31,10,1.5,3,0.7793543723590663,1.0753805159488274
2009-01-01,2013-12-31,2014-01-01,2014-12-31,10,1.5,3,0.959130409794798,0.38211814462941707
2010-01-01,2014-12-31,2015-01-01,2015-12-31,10,1.5,5,1.0151678534806066,0.2694679598917177
2011-01-01,2015-12-31,2016-01-01,2016-12-31,10,1.5,5,0.8802971216276296,0.6968858212476369
2012-01-01,2016-12-31,2017-01-01,2017-12-31,20,2.5,3,1.0889640250660995,2.0256153021775742
2013-01-01,2017-12-31,2018-01-01,2018-12-31,20,2.5,3,1.1661584992071976,-0.07978861211048968
2014-01-01,2018-12-31,2019-01-01,2019-12-31,20,2.0,5,0.7451744777639269,0.469313124283283
2015-01-01,2019-12-31,2020-01-01,2020-12-31,20,2.0,5,0.7709518364925217,-0.22496704504710113
2016-01-01,2020-12-31,2021-01-01,2021-12-31,20,1.5,5,0.3310597905560517,1.4852557423138424
2017-01-01,2021-12-31,2022-01-01,2022-12-31,20,1.5,5,0.40673020724003406,-0.31511155777954136
2018-01-01,2022-12-31,2023-01-01,2023-12-31,20,2.5,5,0.2764668807221135,1.397639804056458
2019-01-01,2023-12-31,2024-01-01,2024-12-31,20,2.5,3,0.37806961331720274,1.7212501044604658
2020-01-01,2024-12-31,2025-01-01,2025-08-29,20,2.5,3,0.43104316798138315,0.19165132191449477
