window,entry_z,max_positions,objective,total_return,cagr,ann_vol,sharpe,max_drawdown,turnover,trades
10,1.5,3,0.3665354309208843,1.4013062108363314,0.05755819638409321,0.14722687893966702,0.3665354309208843,-0.3558155677926075,17.608869326811952,1084
10,1.5,5,0.467322420150428,1.82456511882675,0.06858312720309345,0.13355452852775646,0.467322420150428,-0.33549704220433285,15.49563580403617,1914
10,2.0,3,0.320802288867791,1.0596158708225811,0.047238802337004504,0.13027858482526353,0.320802288867791,-0.3986058549136763,11.086984371476976,640
10,2.0,5,0.44043500409634917,1.4422899957572484,0.05870215798399725,0.11548285695815219,0.44043500409634917,-0.33071005796580577,9.473357409148756,1019
10,2.5,3,0.06033621752833991,0.25909680120463197,0.014827237440056207,0.06911997684945174,0.06033621752833991,-0.276496086303751,1.9007241168183613,90
10,2.5,5,0.06781996738877247,0.26830896580873254,0.015299952866433708,0.05714935135936907,0.06781996738877247,-0.23469808652501978,1.2919409205426582,105
20,1.5,3,0.3774805343360794,1.5528333623553663,0.061700376639572285,0.15763213017054453,0.3774805343360794,-0.4444093096619507,10.870107355706436,703
20,1.5,5,0.4612413082471195,1.8973788813257304,0.07032201931791926,0.14112656121299005,0.4612413082471195,-0.3704540842327787,9.447698643741232,1251
20,2.0,3,0.4510262765940779,1.95068420144877,0.07156927590563522,0.14974383312057404,0.4510262765940779,-0.4322656381139617,8.344537519070292,512
20,2.0,5,0.5107763592993158,2.156719623695154,0.07619974388126027,0.13711611841536853,0.5107763592993158,-0.39562677184260664,7.217123504835833,917
20,2.5,3,0.49172014113670837,1.9357216722939627,0.0712213206795913,0.1314706636177678,0.49172014113670837,-0.4322656381139619,5.174737849814392,303
20,2.5,5,0.425115463071068,1.4066862227603831,0.05770940371765931,0.11826677944787867,0.425115463071068,-0.3956267718426064,4.114677247255812,450
40,1.5,3,0.4444984530220019,2.032742817712719,0.07344867986017589,0.15925059501861166,0.4444984530220019,-0.4514798430069482,6.206174545718176,396
40,1.5,5,0.4211899404858673,1.704117507471627,0.06561237061653924,0.14559214514493396,0.4211899404858673,-0.40139467869103895,5.287112205221082,709
40,2.0,3,0.38245662297044175,1.5115322471236783,0.06059466986173123,0.14967582319218073,0.38245662297044175,-0.45147768127792054,4.72934213385344,298
40,2.0,5,0.4112307190849262,1.5588748613590035,0.061860712810146046,0.1378968613408919,0.4112307190849262,-0.40977738943007824,4.154123060882188,541
40,2.5,3,0.34264852079639235,1.2449310380464609,0.053018583046843926,0.1432658350225238,0.34264852079639235,-0.448328077654753,3.3127059995872985,216
40,2.5,5,0.34885895102482634,1.172656186527865,0.05081950380875533,0.12919118031052954,0.34885895102482634,-0.4057380067819165,2.7980193719259185,358
