policy,inventory_effect,horizon,n_sessions,n_fills,volume_per_session,edge_ticks,edge_ticks_se,markout_ticks,markout_ticks_se,adverse_selection_ticks,realised_spread_ticks,realised_spread_ticks_se,edge_pnl_per_session,adverse_selection_pnl_per_session,realised_pnl_per_session
Avellaneda-Stoikov,adds,20,200,30577,89.9019,6.04752,0.0135408,-0.110505,0.0199309,0.110505,5.93701,0.0257834,5.43683,0.0993463,5.33749
Avellaneda-Stoikov,adds,100,200,29771,87.5394,6.04822,0.0138794,-0.153863,0.0804554,0.153863,5.89436,0.08303,5.29457,0.134691,5.15988
Avellaneda-Stoikov,reduces,20,200,45171,131.007,4.37625,0.0135793,0.145883,0.0150211,-0.145883,4.52214,0.0208755,5.73318,-0.191116,5.9243
Avellaneda-Stoikov,reduces,100,200,43943,127.573,4.37568,0.0135947,0.244113,0.0533956,-0.244113,4.61979,0.0568209,5.58219,-0.311422,5.89361
Avellaneda-Stoikov,all,20,200,75748,220.909,5.0564,0.00750369,0.0415418,0.00865475,-0.0415418,5.09794,0.011715,11.17,-0.0917695,11.2618
Avellaneda-Stoikov,all,100,200,73714,215.112,5.05632,0.00751862,0.0821578,0.018749,-0.0821578,5.13847,0.0207671,10.8768,-0.176732,11.0535
Symmetric,adds,20,200,35140,103.011,5.30786,0.0110759,-0.023614,0.0228578,0.023614,5.28425,0.0296455,5.46768,0.024325,5.44335
Symmetric,adds,100,200,34207,100.348,5.31059,0.011278,0.0676737,0.0944428,-0.0676737,5.37827,0.099705,5.32908,-0.0679092,5.39699
Symmetric,reduces,20,200,34486,100.375,5.34741,0.0128308,-0.0467847,0.0201055,0.0467847,5.30062,0.027989,5.36749,0.0469604,5.32053
Symmetric,reduces,100,200,33607,97.7768,5.34567,0.012841,-0.206797,0.0836126,0.206797,5.13888,0.0899177,5.22683,0.202199,5.02463
Symmetric,all,20,200,69626,203.386,5.32738,0.00700003,-0.0350492,0.0104441,0.0350492,5.29233,0.0124627,10.8352,0.0712854,10.7639
Symmetric,all,100,200,67814,198.125,5.32791,0.00712051,-0.0677804,0.0309714,0.0677804,5.26012,0.0316276,10.5559,0.13429,10.4216
Symmetric + position limit,adds,20,200,29501,86.7133,5.2869,0.00915597,0.00902309,0.0231397,-0.00902309,5.29592,0.0282158,4.58445,-0.00782422,4.59227
Symmetric + position limit,adds,100,200,28762,84.5696,5.28815,0.0093161,0.212295,0.0898983,-0.212295,5.50044,0.0932649,4.47216,-0.179537,4.6517
Symmetric + position limit,reduces,20,200,33995,99.0121,5.35824,0.011559,-0.0181313,0.0203984,0.0181313,5.34011,0.0257763,5.3053,0.0179522,5.28735
Symmetric + position limit,reduces,100,200,33151,96.555,5.35623,0.0118524,-0.183631,0.0809699,0.183631,5.17259,0.0850712,5.1717,0.177305,4.9944
Symmetric + position limit,all,20,200,63496,185.725,5.32493,0.0066976,-0.00545319,0.0109713,0.00545319,5.31948,0.0133828,9.88975,0.010128,9.87962
Symmetric + position limit,all,100,200,61913,181.125,5.32444,0.00696979,0.0012322,0.0318116,-0.0012322,5.32567,0.0329809,9.64387,-0.00223182,9.6461
