policy,counterparty,horizon,n_sessions,n_fills,volume_per_session,edge_ticks,edge_ticks_se,markout_ticks,markout_ticks_se,adverse_selection_ticks,realised_spread_ticks,realised_spread_ticks_se,edge_pnl_per_session,adverse_selection_pnl_per_session,realised_pnl_per_session,informed_theory_markout_ticks
Avellaneda-Stoikov,informed,1,200,13550,39.5894,5.06965,0.0193607,-0.0985198,0.00198211,0.0985198,4.97113,0.019601,2.00704,0.0390034,1.96804,-0.1
Avellaneda-Stoikov,informed,2,200,13542,39.5674,5.07056,0.0193749,-0.192353,0.00312375,0.192353,4.8782,0.0199089,2.00629,0.0761092,1.93018,-0.195
Avellaneda-Stoikov,informed,5,200,13529,39.5401,5.07105,0.01939,-0.440741,0.00661104,0.440741,4.63031,0.0209126,2.0051,0.174269,1.83083,-0.452438
Avellaneda-Stoikov,informed,10,200,13504,39.477,5.07115,0.0193872,-0.781869,0.0116817,0.781869,4.28928,0.0237168,2.00194,0.308658,1.69328,-0.802526
Avellaneda-Stoikov,informed,20,200,13453,39.3223,5.0712,0.0194963,-1.24029,0.0212508,1.24029,3.83091,0.0291442,1.99411,0.487711,1.5064,-1.28303
Avellaneda-Stoikov,informed,50,200,13316,38.9119,5.07152,0.0196663,-1.74623,0.0424287,1.74623,3.32528,0.046464,1.97343,0.679493,1.29393,-1.84611
Avellaneda-Stoikov,informed,100,200,13086,38.227,5.07061,0.0202085,-1.89216,0.0690231,1.89216,3.17845,0.0707046,1.93834,0.723316,1.21503,-1.98816
Avellaneda-Stoikov,informed,250,200,12399,36.244,5.06628,0.0200226,-1.91999,0.113226,1.91999,3.14629,0.115719,1.83622,0.695879,1.14034,-1.99999
Avellaneda-Stoikov,uninformed,1,200,76240,222.395,5.05573,0.00749141,0.00206594,0.000894992,-0.00206594,5.0578,0.00765826,11.2437,-0.00459455,11.2483,-0.1
Avellaneda-Stoikov,uninformed,2,200,76208,222.307,5.05591,0.00749777,0.00493132,0.00153672,-0.00493132,5.06084,0.00786705,11.2397,-0.0109627,11.2506,-0.195
Avellaneda-Stoikov,uninformed,5,200,76146,222.132,5.05622,0.00751538,0.01463,0.00314279,-0.01463,5.07085,0.00835863,11.2315,-0.0324979,11.264,-0.452438
Avellaneda-Stoikov,uninformed,10,200,76010,221.709,5.05639,0.00750841,0.0234919,0.00522435,-0.0234919,5.07988,0.00915721,11.2105,-0.0520836,11.2626,-0.802526
Avellaneda-Stoikov,uninformed,20,200,75748,220.909,5.0564,0.00750369,0.0415418,0.00865475,-0.0415418,5.09794,0.011715,11.17,-0.0917695,11.2618,-1.28303
Avellaneda-Stoikov,uninformed,50,200,74948,218.599,5.05621,0.00755331,0.0594347,0.0141534,-0.0594347,5.11565,0.0170624,11.0528,-0.129924,11.1828,-1.84611
Avellaneda-Stoikov,uninformed,100,200,73714,215.112,5.05632,0.00751862,0.0821578,0.018749,-0.0821578,5.13847,0.0207671,10.8768,-0.176732,11.0535,-1.98816
Avellaneda-Stoikov,uninformed,250,200,69833,203.853,5.05698,0.00792432,0.0557442,0.0277653,-0.0557442,5.11273,0.0293265,10.3088,-0.113637,10.4225,-1.99999
Avellaneda-Stoikov,all,1,200,89790,261.984,5.05783,0.00652365,-0.0131339,0.000846649,0.0131339,5.0447,0.00661774,13.2507,0.0344088,13.2163,-0.1
Avellaneda-Stoikov,all,2,200,89750,261.875,5.05813,0.00652093,-0.024877,0.00142963,0.024877,5.03325,0.00677823,13.246,0.0651465,13.1808,-0.195
Avellaneda-Stoikov,all,5,200,89675,261.672,5.05846,0.00653043,-0.0541791,0.00292739,0.0541791,5.00428,0.00720573,13.2366,0.141771,13.0948,-0.452438
Avellaneda-Stoikov,all,10,200,89514,261.186,5.05862,0.00651397,-0.0982344,0.00493494,0.0982344,4.96039,0.00800989,13.2124,0.256574,12.9558,-0.802526
Avellaneda-Stoikov,all,20,200,89201,260.231,5.05863,0.00652612,-0.15215,0.00808862,0.15215,4.90648,0.0104161,13.1641,0.395942,12.7682,-1.28303
Avellaneda-Stoikov,all,50,200,88264,257.511,5.05853,0.00661233,-0.213416,0.0134599,0.213416,4.84511,0.0150752,13.0263,0.54957,12.4767,-1.84611
Avellaneda-Stoikov,all,100,200,86800,253.339,5.05847,0.00662725,-0.215752,0.0187215,0.215752,4.84272,0.0191164,12.8151,0.546584,12.2685,-1.98816
Avellaneda-Stoikov,all,250,200,82232,240.097,5.05839,0.00685275,-0.242503,0.0233103,0.242503,4.81588,0.0232454,12.1451,0.582243,11.5628,-1.99999
Symmetric,informed,1,200,12659,37.0005,5.36369,0.0187958,-0.102404,0.00212492,0.102404,5.26129,0.019066,1.98459,0.0378899,1.9467,-0.1
Symmetric,informed,2,200,12658,36.9993,5.36373,0.0187943,-0.1976,0.00359616,0.1976,5.16613,0.0195424,1.98454,0.0731106,1.91143,-0.195
Symmetric,informed,5,200,12644,36.9543,5.3634,0.0187829,-0.458156,0.00779731,0.458156,4.90524,0.0213435,1.98201,0.169308,1.8127,-0.452438
Symmetric,informed,10,200,12623,36.8821,5.36386,0.0188145,-0.820772,0.0141358,0.820772,4.54308,0.0248834,1.9783,0.302718,1.67559,-0.802526
Symmetric,informed,20,200,12595,36.7926,5.36326,0.0188762,-1.30838,0.0248274,1.30838,4.05488,0.0331088,1.97328,0.481388,1.4919,-1.28303
Symmetric,informed,50,200,12447,36.3715,5.35939,0.01883,-1.88648,0.0472106,1.88648,3.47292,0.0522426,1.94929,0.68614,1.26315,-1.84611
Symmetric,informed,100,200,12266,35.8336,5.35318,0.0178001,-1.97803,0.0687251,1.97803,3.37515,0.0722896,1.91823,0.708798,1.20944,-1.98816
Symmetric,informed,250,200,11641,34.0393,5.3563,0.0181614,-2.05312,0.122075,2.05312,3.30318,0.12322,1.82325,0.698868,1.12438,-1.99999
Symmetric,uninformed,1,200,70047,204.627,5.3276,0.00691923,-0.00264047,0.000964025,0.00264047,5.32496,0.00707703,10.9017,0.0054031,10.8963,-0.1
Symmetric,uninformed,2,200,70029,204.579,5.32765,0.00691992,-0.00510651,0.0016692,0.00510651,5.32254,0.00726641,10.8993,0.0104468,10.8888,-0.195
Symmetric,uninformed,5,200,69952,204.364,5.32753,0.00692812,-0.0120827,0.00350496,0.0120827,5.31545,0.0079851,10.8875,0.0246927,10.8628,-0.452438
Symmetric,uninformed,10,200,69867,204.136,5.32765,0.00691873,-0.023607,0.00607547,0.023607,5.30405,0.00927214,10.8756,0.0481902,10.8275,-0.802526
Symmetric,uninformed,20,200,69626,203.386,5.32738,0.00700003,-0.0350492,0.0104441,0.0350492,5.29233,0.0124627,10.8352,0.0712854,10.7639,-1.28303
Symmetric,uninformed,50,200,68941,201.396,5.32805,0.00705881,-0.0690802,0.0205267,0.0690802,5.25897,0.0217267,10.7305,0.139125,10.5913,-1.84611
Symmetric,uninformed,100,200,67814,198.125,5.32791,0.00712051,-0.0677804,0.0309714,0.0677804,5.26012,0.0316276,10.5559,0.13429,10.4216,-1.98816
Symmetric,uninformed,250,200,64367,188.225,5.32482,0.00732787,-0.0968631,0.0578452,0.0968631,5.22796,0.057405,10.0227,0.182321,9.84035,-1.99999
Symmetric,all,1,200,82706,241.627,5.33313,0.00651189,-0.0179173,0.000877141,0.0179173,5.31521,0.00662277,12.8863,0.043293,12.843,-0.1
Symmetric,all,2,200,82687,241.578,5.33317,0.00651208,-0.0345881,0.00154507,0.0345881,5.29859,0.0068138,12.8838,0.0835574,12.8002,-0.195
Symmetric,all,5,200,82596,241.318,5.33302,0.00650366,-0.0803922,0.00327299,0.0803922,5.25263,0.0075538,12.8695,0.194001,12.6755,-0.452438
Symmetric,all,10,200,82490,241.018,5.33319,0.00648592,-0.145594,0.00563839,0.145594,5.1876,0.00867994,12.8539,0.350909,12.503,-0.802526
Symmetric,all,20,200,82221,240.179,5.33288,0.00656075,-0.230109,0.00996842,0.230109,5.10277,0.0118243,12.8084,0.552673,12.2558,-1.28303
Symmetric,all,50,200,81388,237.767,5.33285,0.00658375,-0.347089,0.0194857,0.347089,4.98576,0.0204916,12.6798,0.825265,11.8545,-1.84611
Symmetric,all,100,200,80080,233.959,5.33178,0.00661102,-0.360358,0.0286223,0.360358,4.97142,0.0288944,12.4741,0.843088,11.6311,-1.98816
Symmetric,all,250,200,76008,222.265,5.32964,0.00677448,-0.396459,0.050953,0.396459,4.93319,0.0496212,11.8459,0.881189,10.9647,-1.99999
Symmetric + position limit,informed,1,200,11467,33.895,5.36832,0.0190145,-0.09735,0.00201461,0.09735,5.27097,0.0193994,1.81959,0.0329968,1.78659,-0.1
Symmetric + position limit,informed,2,200,11464,33.8883,5.36844,0.0190111,-0.193406,0.00347271,0.193406,5.17503,0.0198439,1.81927,0.065542,1.75373,-0.195
Symmetric + position limit,informed,5,200,11459,33.8742,5.36846,0.0190191,-0.456776,0.00724159,0.456776,4.91169,0.0213062,1.81852,0.154729,1.66379,-0.452438
Symmetric + position limit,informed,10,200,11433,33.7909,5.36731,0.0190237,-0.813441,0.0134581,0.813441,4.55387,0.0243838,1.81366,0.274869,1.53879,-0.802526
Symmetric + position limit,informed,20,200,11404,33.7144,5.36742,0.0190635,-1.28959,0.0238813,1.28959,4.07783,0.031441,1.80959,0.434777,1.37482,-1.28303
Symmetric + position limit,informed,50,200,11265,33.3171,5.36731,0.0192345,-1.82921,0.0450886,1.82921,3.5381,0.050791,1.78823,0.60944,1.17879,-1.84611
Symmetric + position limit,informed,100,200,11027,32.5888,5.36379,0.0190827,-1.91442,0.0729631,1.91442,3.44937,0.076259,1.748,0.623888,1.12411,-1.98816
Symmetric + position limit,informed,250,200,10468,30.8711,5.36422,0.0194249,-1.84832,0.130163,1.84832,3.5159,0.130336,1.65599,0.570597,1.0854,-1.99999
Symmetric + position limit,uninformed,1,200,63919,186.955,5.32552,0.0066947,-0.00155194,0.000977678,0.00155194,5.32397,0.00690125,9.95631,0.00290142,9.95341,-0.1
Symmetric + position limit,uninformed,2,200,63893,186.873,5.32561,0.00670106,-0.00295254,0.00164234,0.00295254,5.32266,0.00708265,9.95213,0.0055175,9.94661,-0.195
Symmetric + position limit,uninformed,5,200,63815,186.671,5.3256,0.00669528,-0.00467666,0.00344354,0.00467666,5.32092,0.00788038,9.94135,0.00872998,9.93262,-0.452438
Symmetric + position limit,uninformed,10,200,63714,186.383,5.32564,0.00670751,-0.00866759,0.00596032,0.00866759,5.31697,0.00943613,9.92607,0.0161549,9.90992,-0.802526
Symmetric + position limit,uninformed,20,200,63496,185.725,5.32493,0.0066976,-0.00545319,0.0109713,0.00545319,5.31948,0.0133828,9.88975,0.010128,9.87962,-1.28303
Symmetric + position limit,uninformed,50,200,62898,183.975,5.3248,0.0067443,-0.0137475,0.0219828,0.0137475,5.31105,0.0232419,9.7963,0.025292,9.77101,-1.84611
Symmetric + position limit,uninformed,100,200,61913,181.125,5.32444,0.00696979,0.0012322,0.0318116,-0.0012322,5.32567,0.0329809,9.64387,-0.00223182,9.6461,-1.98816
Symmetric + position limit,uninformed,250,200,58714,171.836,5.3217,0.006989,-0.00621395,0.0505664,0.00621395,5.31549,0.0510784,9.1446,0.0106778,9.13392,-1.99999
Symmetric + position limit,all,1,200,75386,220.85,5.33209,0.00660534,-0.0162546,0.000896834,0.0162546,5.31584,0.00677819,11.7759,0.0358982,11.74,-0.1
Symmetric + position limit,all,2,200,75357,220.761,5.33219,0.00660847,-0.0321884,0.00152797,0.0321884,5.3,0.00692979,11.7714,0.0710595,11.7003,-0.195
Symmetric + position limit,all,5,200,75274,220.545,5.33218,0.00660781,-0.0741159,0.00320954,0.0741159,5.25806,0.00765865,11.7599,0.163459,11.5964,-0.452438
Symmetric + position limit,all,10,200,75147,220.174,5.33204,0.0066094,-0.132179,0.00547631,0.132179,5.19986,0.00902831,11.7397,0.291024,11.4487,-0.802526
Symmetric + position limit,all,20,200,74900,219.44,5.33146,0.00658171,-0.202746,0.0100081,0.202746,5.12871,0.0124455,11.6993,0.444905,11.2544,-1.28303
Symmetric + position limit,all,50,200,74163,217.292,5.33132,0.00661813,-0.29211,0.0197312,0.29211,5.03921,0.021041,11.5845,0.634732,10.9498,-1.84611
Symmetric + position limit,all,100,200,72940,213.713,5.33044,0.00680819,-0.290883,0.0289964,0.290883,5.03956,0.0298376,11.3919,0.621656,10.7702,-1.98816
Symmetric + position limit,all,250,200,69182,202.707,5.32818,0.00674032,-0.286756,0.0464124,0.286756,5.04142,0.0461312,10.8006,0.581274,10.2193,-1.99999
