parameter,value,engine,policy,n_runs,mean_pnl,std_pnl,sharpe_per_session,median_pnl,pnl_5th_percentile,mean_abs_inventory,std_final_inventory,max_abs_inventory,mean_trades,mean_spread_captured,max_drawdown,mean_pnl_se,std_pnl_se,sharpe_per_session_se,std_final_inventory_se
gamma,0.01,reference,Avellaneda-Stoikov,500,60.4046,8.19158,7.37399,60.0786,46.1539,2.58861,3.68911,14,90.25,1.34891,2.9584,0.366339,0.299409,0.272469,0.12176
gamma,0.01,reference,Symmetric,500,60.6272,12.5835,4.81801,60.6755,41.1294,4.40879,8.20196,30,89.958,1.34891,6.00518,0.56275,0.608594,0.232171,0.262341
gamma,0.01,reference,Symmetric + position limit,500,53.9398,6.7057,8.04388,53.8962,42.653,1.56541,1.9019,3,79.95,1.34891,1.74985,0.299888,0.211645,0.261368,0.0384448
gamma,0.0204005,reference,Avellaneda-Stoikov,500,60.013,7.0889,8.46577,59.6309,48.1637,1.93856,2.61454,9,89.714,1.36515,2.09815,0.317025,0.230811,0.277759,0.0840322
gamma,0.0204005,reference,Symmetric,500,60.7105,12.5576,4.83456,60.5801,41.4059,4.41004,8.16759,30,89.014,1.36515,6.0069,0.561593,0.604859,0.233538,0.256829
gamma,0.0204005,reference,Symmetric + position limit,500,53.9796,6.70932,8.04547,54.0755,42.1805,1.56812,1.89494,3,79.04,1.36515,1.76155,0.30005,0.211981,0.262602,0.0387353
gamma,0.0416179,reference,Avellaneda-Stoikov,500,59.3599,6.36798,9.32162,59.0272,49.0635,1.40204,1.90718,7,88.64,1.39841,1.48302,0.284785,0.19995,0.294847,0.0606637
gamma,0.0416179,reference,Symmetric,500,60.849,12.4149,4.9013,60.7139,41.9148,4.35313,8.05687,28,87.106,1.39841,5.8749,0.555209,0.603096,0.237864,0.252925
gamma,0.0416179,reference,Symmetric + position limit,500,54.1082,6.78451,7.97525,54.4417,42.3785,1.57072,1.90718,3,77.352,1.39841,1.77642,0.303412,0.22081,0.266919,0.0389562
gamma,0.0849025,reference,Avellaneda-Stoikov,500,57.7518,5.89902,9.79008,57.8055,47.8451,0.989274,1.33474,6,86.498,1.46677,1.03938,0.263812,0.179475,0.299073,0.0407711
gamma,0.0849025,reference,Symmetric,500,60.8642,12.3427,4.93121,60.8374,41.795,4.33681,8.00423,29,83.014,1.46677,5.85613,0.55198,0.632145,0.25237,0.263726
gamma,0.0849025,reference,Symmetric + position limit,500,53.9611,6.95407,7.75964,53.8894,42.4082,1.577,1.91661,3,73.596,1.46677,1.82806,0.310995,0.230088,0.266526,0.0387153
gamma,0.173205,reference,Avellaneda-Stoikov,500,54.4886,5.5006,9.90593,54.5892,45.084,0.684597,0.948221,4,82.202,1.60822,0.760549,0.245994,0.175956,0.313467,0.0306039
gamma,0.173205,reference,Symmetric,500,60.6745,12.4446,4.87557,60.3539,41.8042,4.13492,7.70475,27,75.432,1.60822,5.50573,0.556539,0.602311,0.235855,0.261065
gamma,0.173205,reference,Symmetric + position limit,500,53.6412,7.44757,7.20251,53.7502,41.7684,1.58142,1.93745,3,66.712,1.60822,1.8733,0.333066,0.243038,0.242477,0.0394949
gamma,0.353346,reference,Avellaneda-Stoikov,500,48.0666,5.32136,9.03276,47.8585,39.5726,0.445224,0.69447,3,74.534,1.90398,0.745004,0.237979,0.165882,0.283432,0.0219094
gamma,0.353346,reference,Symmetric,500,59.0583,11.6723,5.0597,58.4717,41.7138,3.73014,6.90361,24,61.832,1.90398,5.14164,0.522001,0.56268,0.242896,0.221368
gamma,0.353346,reference,Symmetric + position limit,500,52.0168,8.15333,6.37983,52.263,38.7509,1.59005,1.96995,3,54.56,1.90398,2.07191,0.364628,0.260246,0.21291,0.0389007
gamma,0.720843,reference,Avellaneda-Stoikov,500,35.0589,5.27725,6.6434,34.7287,27.0057,0.234488,0.487647,2,59.126,2.53047,0.730548,0.236006,0.197426,0.243653,0.0197648
gamma,0.720843,reference,Symmetric,500,51.0051,11.1571,4.57155,50.4506,33.6851,3.19609,6.08687,22,40.024,2.53047,4.52536,0.498958,0.482472,0.191729,0.201413
gamma,0.720843,reference,Symmetric + position limit,500,44.5283,8.67195,5.13476,44.6638,30.4501,1.59281,1.99179,3,35.162,2.53047,2.33916,0.387821,0.266826,0.163374,0.0400397
gamma,1.47055,reference,Avellaneda-Stoikov,500,13.7722,3.64917,3.77408,13.4778,8.22958,0.0717015,0.296513,1,27.888,3.8704,1.041,0.163196,0.121924,0.120252,0.0225972
gamma,1.47055,reference,Symmetric,500,29.5057,8.69258,3.39435,28.7494,16.3759,2.02551,3.95738,15,15.304,3.8704,3.52983,0.388744,0.284544,0.113297,0.13373
gamma,1.47055,reference,Symmetric + position limit,500,26.5678,8.01758,3.31369,26.1924,14.3424,1.44865,1.99451,3,13.698,3.8704,2.66611,0.358557,0.260952,0.114266,0.0393513
gamma,3,reference,Avellaneda-Stoikov,500,1.32707,1.00244,1.32384,1.18716,0,0.00882587,0.0895323,1,3.544,6.73241,2.2756,0.0448305,0.0497149,0.0560314,0.0246712
gamma,3,reference,Symmetric,500,5.97706,4.57888,1.30535,5.50718,0,0.559005,1.28101,5,1.788,6.73241,1.55447,0.204774,0.210104,0.0546506,0.0483028
gamma,3,reference,Symmetric + position limit,500,5.93683,4.51835,1.31394,5.46079,0,0.557592,1.24559,3,1.776,6.73241,1.55608,0.202067,0.206836,0.0555096,0.040156
kappa,0.5,reference,Avellaneda-Stoikov,500,176.573,14.9351,11.8226,176.846,151.296,1.56337,2.08867,8,95.33,3.84643,1.44776,0.66792,0.463562,0.368321,0.0615058
kappa,0.5,reference,Symmetric,500,181.049,18.7343,9.66399,181.645,151.654,4.52542,8.34686,29,94.104,3.84643,4.36475,0.837825,0.694637,0.369449,0.258655
kappa,0.5,reference,Symmetric + position limit,500,161.1,16.6445,9.6789,161.665,134.116,1.57264,1.91138,3,83.692,3.84643,1.64859,0.744364,0.493271,0.295883,0.0380087
kappa,0.658037,reference,Avellaneda-Stoikov,500,133.888,11.9522,11.202,133.972,114.958,1.37559,1.86814,7,92.82,3.02942,1.32286,0.534517,0.372164,0.349928,0.057528
kappa,0.658037,reference,Symmetric,500,138.152,16.3323,8.45887,138.281,112.802,4.4397,8.23721,30,91.18,3.02942,4.63195,0.730401,0.643206,0.33954,0.259204
kappa,0.658037,reference,Symmetric + position limit,500,122.835,13.2472,9.27251,122.45,102.225,1.56782,1.9003,3,81.064,3.02942,1.68236,0.592434,0.397412,0.285854,0.0377949
kappa,0.866025,reference,Avellaneda-Stoikov,500,101.234,9.3679,10.8064,101.37,86.4451,1.20275,1.66356,7,90.514,2.38552,1.19727,0.418945,0.291372,0.335005,0.0518917
kappa,0.866025,reference,Symmetric,500,105.276,14.4176,7.30192,105.524,82.1114,4.39088,8.10681,29,88.334,2.38552,4.98188,0.644773,0.60914,0.313011,0.253034
kappa,0.866025,reference,Symmetric + position limit,500,93.6048,10.4668,8.94301,93.6917,76.4162,1.5659,1.89519,3,78.438,2.38552,1.71226,0.46809,0.326964,0.287316,0.0385488
kappa,1.13975,reference,Avellaneda-Stoikov,500,76.2203,7.37799,10.3308,76.2529,64.1476,1.04597,1.41916,6,88.246,1.88201,1.07068,0.329954,0.224354,0.314604,0.042567
kappa,1.13975,reference,Symmetric,500,80.041,13.1214,6.10001,80.1068,58.6465,4.3504,8.0446,29,85.242,1.88201,5.38989,0.586809,0.630674,0.292801,0.262633
kappa,1.13975,reference,Symmetric + position limit,500,71.1238,8.42174,8.44526,71.4319,56.8565,1.57527,1.93095,3,75.626,1.88201,1.75679,0.376631,0.281975,0.290386,0.0386714
kappa,1.5,reference,Avellaneda-Stoikov,500,57.2151,5.89631,9.70355,57.3693,47.7037,0.917871,1.23704,5,85.784,1.49077,0.984273,0.263691,0.17731,0.292865,0.0389669
kappa,1.5,reference,Symmetric,500,61.0156,12.3807,4.92828,61.3108,42.3098,4.32053,7.94793,28,81.736,1.49077,5.77378,0.553681,0.632144,0.250619,0.26018
kappa,1.5,reference,Symmetric + position limit,500,54.0433,7.0469,7.66908,54.1438,41.8496,1.58157,1.93948,3,72.5,1.49077,1.82974,0.315147,0.21909,0.249618,0.0381017
kappa,1.97411,reference,Avellaneda-Stoikov,500,42.6546,4.65696,9.15932,42.6012,35.3434,0.792408,1.10106,5,83.002,1.18829,0.85773,0.208266,0.142214,0.276942,0.0343452
kappa,1.97411,reference,Symmetric,500,46.1029,11.805,3.90537,45.9849,29.0725,4.20044,7.83479,26,77.638,1.18829,6.15048,0.527935,0.591094,0.196171,0.26145
kappa,1.97411,reference,Symmetric + position limit,500,40.8603,6.16351,6.6294,40.8082,30.4247,1.57953,1.95698,3,68.798,1.18829,1.90494,0.27564,0.191785,0.213689,0.0385733
kappa,2.59808,reference,Avellaneda-Stoikov,500,31.6152,3.73297,8.46919,31.5085,25.3539,0.684169,0.961804,4,79.868,0.955355,0.777234,0.166943,0.124567,0.283451,0.0308359
kappa,2.59808,reference,Symmetric,500,35.2339,11.4339,3.08152,35.0371,18.4182,4.10435,7.61899,24,73.188,0.955355,6.5305,0.51134,0.581215,0.1559,0.252371
kappa,2.59808,reference,Symmetric + position limit,500,30.9545,5.47334,5.65551,31.0766,22.5477,1.58563,1.96124,3,64.64,0.955355,2.06267,0.244775,0.183749,0.198566,0.0398018
kappa,3.41926,reference,Avellaneda-Stoikov,500,23.13,2.8949,7.98993,23.1547,18.3055,0.586299,0.874946,4,76.016,0.776532,0.701361,0.129464,0.0957602,0.264006,0.0282251
kappa,3.41926,reference,Symmetric,500,26.4661,10.7812,2.45484,26.2625,10.248,3.96354,7.32442,24,67.716,0.776532,6.90266,0.482149,0.575923,0.130329,0.241287
kappa,3.41926,reference,Symmetric + position limit,500,23.1886,4.95355,4.6812,23.4221,15.0199,1.59764,1.9687,3,59.69,0.776532,2.21654,0.22153,0.15677,0.158972,0.0379992
kappa,4.5,reference,Avellaneda-Stoikov,500,16.7934,2.26664,7.40897,16.7508,12.9927,0.494269,0.747675,3,71.826,0.639578,0.616411,0.101367,0.0770456,0.252744,0.0240811
kappa,4.5,reference,Symmetric,500,19.8354,9.7104,2.0427,19.5381,5.01287,3.67541,6.78915,24,61.196,0.639578,6.91749,0.434262,0.576307,0.120772,0.221291
kappa,4.5,reference,Symmetric + position limit,500,17.3888,4.63785,3.74933,17.4859,9.46297,1.5898,1.97733,3,54.048,0.639578,2.3869,0.207411,0.149869,0.132446,0.0377124
sigma,0.5,reference,Avellaneda-Stoikov,500,60.2933,5.27588,11.4281,60.3004,51.9529,3.04604,4.5199,16,92.984,1.30327,0.678486,0.235945,0.167487,0.370999,0.144887
sigma,0.5,reference,Symmetric,500,60.411,5.76861,10.4724,60.3254,51.5942,4.45945,8.26621,31,92.694,1.30327,1.01446,0.25798,0.20135,0.376827,0.26065
sigma,0.5,reference,Symmetric + position limit,500,53.7625,5.58247,9.6306,53.8872,44.9507,1.56976,1.89756,3,82.47,1.30327,0.416088,0.249656,0.16615,0.295563,0.0383505
sigma,1.0625,reference,Avellaneda-Stoikov,500,59.5152,5.59761,10.6322,59.2594,50.5888,1.68302,2.22633,9,91.034,1.34722,0.861517,0.250333,0.172589,0.329331,0.0702036
sigma,1.0625,reference,Symmetric,500,60.6309,7.96506,7.61212,60.706,47.908,4.40617,8.18998,30,90.04,1.34722,2.58665,0.356208,0.333914,0.322424,0.261349
sigma,1.0625,reference,Symmetric + position limit,500,53.9257,5.93629,9.08407,53.8671,44.595,1.56521,1.90296,3,80.042,1.34722,0.900273,0.265479,0.178898,0.28085,0.038375
sigma,1.625,reference,Avellaneda-Stoikov,500,58.3954,5.78017,10.1027,58.5007,48.8217,1.12526,1.54102,6,88.262,1.4228,0.93224,0.258497,0.168596,0.294203,0.0480214
sigma,1.625,reference,Symmetric,500,60.8304,10.4615,5.81467,60.7769,43.4169,4.34636,8.04096,28,85.698,1.4228,4.45338,0.467855,0.499784,0.278104,0.262037
sigma,1.625,reference,Symmetric + position limit,500,54.0541,6.47104,8.35323,54.226,42.9362,1.57213,1.91975,3,76.02,1.4228,1.43621,0.289394,0.215688,0.285623,0.0389651
sigma,2.1875,reference,Avellaneda-Stoikov,500,56.4895,5.88951,9.59156,56.2892,47.2663,0.830308,1.13779,5,84.316,1.53003,0.973167,0.263387,0.184837,0.297361,0.0349137
sigma,2.1875,reference,Symmetric,500,60.8342,13.3869,4.54431,60.6369,40.4906,4.22614,7.81259,28,79.46,1.53003,6.32889,0.59868,0.691041,0.233163,0.259589
sigma,2.1875,reference,Symmetric + position limit,500,53.9132,7.42379,7.26222,53.9769,41.8383,1.58069,1.94365,3,70.504,1.53003,2.02613,0.332002,0.238012,0.241206,0.0379432
sigma,2.75,reference,Avellaneda-Stoikov,500,54.0658,5.94485,9.09455,53.8772,44.0734,0.652139,0.919397,4,79.636,1.6689,1.0236,0.265862,0.206195,0.314921,0.0304237
sigma,2.75,reference,Symmetric,500,60.9464,16.1117,3.78274,60.1024,37.4535,4.08747,7.58275,24,72.518,1.6689,8.28557,0.720538,0.811319,0.189105,0.250679
sigma,2.75,reference,Symmetric + position limit,500,53.5969,8.52855,6.28441,53.6723,40.1853,1.59359,1.96492,3,64.048,1.6689,2.75022,0.381408,0.289942,0.222339,0.0399382
sigma,3.3125,reference,Avellaneda-Stoikov,500,51.1663,5.88091,8.70042,50.9647,41.5363,0.524547,0.772773,3,74.616,1.8394,1.07124,0.263002,0.189797,0.278434,0.0248918
sigma,3.3125,reference,Symmetric,500,59.5926,18.0246,3.30617,58.4305,32.7201,3.83921,7.03288,25,64.594,1.8394,10.1148,0.806087,1.01007,0.181193,0.229463
sigma,3.3125,reference,Symmetric + position limit,500,52.3732,9.675,5.41325,52.5989,36.345,1.59712,1.94064,3,56.936,1.8394,3.53634,0.432679,0.31455,0.186678,0.039409
sigma,3.875,reference,Avellaneda-Stoikov,500,47.4052,5.96697,7.94459,47.2503,37.8281,0.424448,0.681846,3,68.928,2.04155,1.12858,0.266851,0.198305,0.259042,0.0220988
sigma,3.875,reference,Symmetric,500,58.0388,19.7356,2.94082,57.2128,26.8634,3.60518,6.64333,26,56.172,2.04155,11.7433,0.882601,1.17214,0.171523,0.219476
sigma,3.875,reference,Symmetric + position limit,500,50.6531,10.5818,4.78681,50.9268,33.6106,1.58075,1.94008,3,49.534,2.04155,4.34965,0.473233,0.340309,0.164183,0.0379382
sigma,4.4375,reference,Avellaneda-Stoikov,500,43.6309,6.29882,6.92683,43.4595,33.5675,0.345144,0.595545,2,63.198,2.27534,1.16996,0.281692,0.206386,0.225276,0.0189323
sigma,4.4375,reference,Symmetric,500,55.4419,21.4411,2.58578,54.5404,21.9186,3.43386,6.42967,27,47.984,2.27534,13.1238,0.958875,1.45559,0.167864,0.230776
sigma,4.4375,reference,Symmetric + position limit,500,48.4832,11.2324,4.31636,48.3472,29.0436,1.60534,1.96706,3,42.26,2.27534,5.33575,0.50233,0.356343,0.14832,0.0401394
sigma,5,reference,Avellaneda-Stoikov,500,38.9499,6.1172,6.36728,38.9445,29.4295,0.272697,0.535142,2,56.642,2.54077,1.1359,0.27357,0.195873,0.200656,0.0196549
sigma,5,reference,Symmetric,500,51.4443,22.0304,2.33515,50.012,19.9075,3.19132,6.06753,22,39.754,2.54077,14.0653,0.985229,1.25524,0.12733,0.20106
sigma,5,reference,Symmetric + position limit,500,44.4793,12.1475,3.66159,44.3983,24.7898,1.59093,1.98216,3,34.926,2.54077,6.42841,0.543255,0.389028,0.129067,0.0403526
arrival_rate,20,reference,Avellaneda-Stoikov,500,9.20757,3.27023,2.81557,8.90012,4.12049,0.890259,1.29122,5,13.776,1.49077,1.80485,0.146249,0.108555,0.0928003,0.0358265
arrival_rate,20,reference,Symmetric,500,9.64562,5.20321,1.85378,9.74532,1.45777,1.84424,3.6101,14,13.026,1.49077,3.79867,0.232695,0.232266,0.0981996,0.125914
arrival_rate,20,reference,Symmetric + position limit,500,8.85859,4.07176,2.17562,8.89393,2.12822,1.39506,1.95734,3,11.756,1.49077,2.85196,0.182095,0.144384,0.0961593,0.0387129
arrival_rate,30.5964,reference,Avellaneda-Stoikov,500,13.9085,3.69936,3.7597,13.7465,8.33901,0.924438,1.31024,5,21.032,1.49077,1.63977,0.16544,0.126535,0.123871,0.0399588
arrival_rate,30.5964,reference,Symmetric,500,14.9122,7.18264,2.07615,14.9677,3.95177,2.3624,4.61134,16,19.698,1.49077,4.45985,0.321217,0.371732,0.118792,0.150103
arrival_rate,30.5964,reference,Symmetric + position limit,500,13.2184,4.80828,2.74908,13.3222,5.12773,1.52244,2.01545,3,17.378,1.49077,2.77009,0.215033,0.144198,0.098502,0.0387927
arrival_rate,46.8069,reference,Avellaneda-Stoikov,500,20.6814,4.42652,4.67216,20.2357,14.1079,0.934866,1.28992,5,31.45,1.49077,1.47549,0.19796,0.145574,0.150203,0.0409966
arrival_rate,46.8069,reference,Symmetric,500,22.6061,8.35967,2.70418,22.0727,9.94863,2.87101,5.65314,19,29.732,1.49077,4.92819,0.373856,0.375035,0.123868,0.183475
arrival_rate,46.8069,reference,Symmetric + position limit,500,19.6123,5.42145,3.61754,19.7357,10.2503,1.57333,1.98034,3,26.006,1.49077,2.61463,0.242455,0.172862,0.12708,0.0389756
arrival_rate,71.6062,reference,Avellaneda-Stoikov,500,30.9492,4.92155,6.2885,30.6237,23.0302,0.934517,1.29373,5,46.98,1.49077,1.27535,0.220098,0.156969,0.198997,0.0425917
arrival_rate,71.6062,reference,Symmetric,500,33.1964,9.95788,3.33368,32.6683,17.3361,3.28883,6.21075,26,44.346,1.49077,5.25723,0.44533,0.642306,0.205998,0.210419
arrival_rate,71.6062,reference,Symmetric + position limit,500,29.1944,6.18199,4.7225,29.2128,19.0578,1.60042,2.01283,3,39.032,1.49077,2.36532,0.276467,0.196546,0.159408,0.0391841
arrival_rate,109.545,reference,Avellaneda-Stoikov,500,46.0816,5.66389,8.13603,46.0467,36.4368,0.923493,1.26537,5,69.282,1.49077,1.07619,0.253297,0.178524,0.258031,0.0392834
arrival_rate,109.545,reference,Symmetric,500,49.0471,11.5546,4.24481,48.0365,31.6555,3.87158,7.12866,26,65.562,1.49077,5.56492,0.516738,0.624608,0.225318,0.241687
arrival_rate,109.545,reference,Symmetric + position limit,500,43.0408,6.93687,6.20465,42.8334,32.0691,1.59721,1.93678,3,57.748,1.49077,2.0496,0.310226,0.21761,0.202342,0.0386028
arrival_rate,167.583,reference,Avellaneda-Stoikov,500,67.0779,5.79993,11.5653,67.0506,57.2536,0.911085,1.23226,6,100.068,1.49077,0.861618,0.259381,0.182362,0.358381,0.0406019
arrival_rate,167.583,reference,Symmetric,500,71.5815,12.8005,5.5921,72.2547,51.3923,4.50628,8.33803,27,96.064,1.49077,5.82524,0.572454,0.553024,0.244653,0.251314
arrival_rate,167.583,reference,Symmetric + position limit,500,63.9193,7.18511,8.89607,64.1501,52.5496,1.56808,1.89589,3,85.548,1.49077,1.66235,0.321328,0.224812,0.288517,0.0386461
arrival_rate,256.372,reference,Avellaneda-Stoikov,500,95.8735,6.86718,13.9611,95.4634,84.688,0.893403,1.24533,5,141.068,1.49077,0.702473,0.30711,0.2144,0.428923,0.0392202
arrival_rate,256.372,reference,Symmetric,500,102.37,14.848,6.89456,102.581,76.2494,5.12488,9.76314,30,137.538,1.49077,5.82661,0.664021,0.622686,0.298869,0.310301
arrival_rate,256.372,reference,Symmetric + position limit,500,92.4356,8.31556,11.116,92.4627,79.142,1.53989,1.84591,3,123.83,1.49077,1.39705,0.371883,0.254051,0.343854,0.0382838
arrival_rate,392.203,reference,Avellaneda-Stoikov,500,133.078,7.88106,16.8859,132.967,120.434,0.857851,1.18307,5,192.33,1.49077,0.525467,0.352452,0.243943,0.526928,0.0374628
arrival_rate,392.203,reference,Symmetric,500,141.477,16.1095,8.78223,141.975,117.731,5.46683,10.287,35,189.868,1.49077,5.06258,0.720439,0.75328,0.424256,0.338957
arrival_rate,392.203,reference,Symmetric + position limit,500,129.708,9.24505,14.03,130.238,114.577,1.49541,1.83314,3,173.746,1.49077,1.1361,0.413451,0.29699,0.457656,0.0389322
arrival_rate,600,reference,Avellaneda-Stoikov,500,176.582,7.78506,22.6822,176.872,163.247,0.802209,1.06782,5,249.97,1.49077,0.364396,0.348158,0.249456,0.734398,0.0348432
arrival_rate,600,reference,Symmetric,500,186.434,15.6735,11.8949,186.236,164.991,5.3019,9.80202,37,250.11,1.49077,3.84785,0.700938,0.71381,0.5591,0.323572
arrival_rate,600,reference,Symmetric + position limit,500,174.694,9.51997,18.3502,174.926,159.643,1.41779,1.67942,3,234.224,1.49077,0.797781,0.425746,0.3302,0.648593,0.0384118
informed_fraction,0,book,Avellaneda-Stoikov,100,12.8499,1.22822,10.4622,12.8027,10.6633,6.20419,8.13709,29.8675,255.93,0.101386,0.263331,0.122822,0.0915572,0.827005,0.488337
informed_fraction,0,book,Symmetric,100,12.8048,1.45255,8.81538,12.9651,10.2261,9.50428,17.2001,51.1511,254.61,0.101365,0.455419,0.145255,0.0940352,0.642259,1.24849
informed_fraction,0,book,Symmetric + position limit,100,11.7591,1.19214,9.86387,11.7091,9.72857,3.39953,3.77188,8.47666,232.57,0.101365,0.13473,0.119214,0.0769294,0.651601,0.188273
informed_fraction,0.1,book,Avellaneda-Stoikov,100,12.5945,1.12193,11.2258,12.6515,10.8132,2.52228,3.31726,13,259.17,0.10234,0.302549,0.112193,0.0829206,0.841374,0.251237
informed_fraction,0.1,book,Symmetric,100,12.5092,2.85886,4.37559,12.5754,8.29403,8.42782,16.2761,49.6636,252.05,0.102333,1.70597,0.285886,0.245207,0.396409,1.17376
informed_fraction,0.1,book,Symmetric + position limit,100,11.5347,1.52279,7.57474,11.6321,9.14173,3.40534,3.90673,9,230.74,0.102348,0.407711,0.152279,0.114497,0.607159,0.189254
informed_fraction,0.2,book,Avellaneda-Stoikov,100,12.6776,1.1703,10.8327,12.5018,10.8903,1.38073,1.74615,8.48364,267.45,0.105414,0.18612,0.11703,0.0988239,0.921014,0.144743
informed_fraction,0.2,book,Symmetric,100,12.5422,4.40445,2.84762,12.6762,6.19914,8.85746,16.9409,47.467,244.5,0.105404,2.71783,0.440445,0.446928,0.341326,1.2934
informed_fraction,0.2,book,Symmetric + position limit,100,11.3166,1.74354,6.4906,11.35,8.61153,3.35716,4.12912,10.8336,221.99,0.105398,0.62355,0.174354,0.130976,0.500642,0.192735
informed_fraction,0.3,book,Avellaneda-Stoikov,100,12.682,1.05557,12.0144,12.6254,10.9429,1.0004,1.22842,7.00863,270.11,0.110407,0.15797,0.105557,0.0759145,0.880127,0.0853226
informed_fraction,0.3,book,Symmetric,100,9.84864,6.63099,1.48524,10.7065,0.278936,9.64576,18.4597,55.3749,224.45,0.11041,4.40369,0.663099,0.902171,0.276335,1.29796
informed_fraction,0.3,book,Symmetric + position limit,100,10.488,1.88179,5.57341,10.4538,7.62308,3.394,4.10833,10,206.08,0.110411,0.919374,0.188179,0.133053,0.414514,0.188524
informed_fraction,0.4,book,Avellaneda-Stoikov,100,12.7598,1.25264,10.1863,12.5575,11.0445,0.771199,1.0035,15.297,286.36,0.113474,0.165811,0.125264,0.0874787,0.702223,0.0949854
informed_fraction,0.4,book,Symmetric,100,11.8464,7.87253,1.50478,11.7096,3.67649,9.07679,16.9349,56.5904,217.25,0.11347,4.47449,0.787253,1.08912,0.213886,1.25288
informed_fraction,0.4,book,Symmetric + position limit,100,10.4449,2.30693,4.52763,10.6175,6.08939,3.41353,4.28383,9,197.96,0.113462,1.14727,0.230693,0.138852,0.319562,0.185396
