fast,slow,sharpe,cagr,max_drawdown,turnover,trades
5,50,0.405450,0.056767,-0.211112,4.096576,169.000000
5,75,0.587728,0.078499,-0.231897,3.078492,127.000000
5,100,0.587476,0.079544,-0.238412,2.254329,93.000000
5,125,0.597369,0.081337,-0.207679,1.914967,79.000000
5,150,0.573844,0.079388,-0.200470,2.254329,93.000000
5,175,0.617789,0.085318,-0.214257,1.478646,61.000000
5,200,0.586714,0.082515,-0.196554,1.430165,59.000000
5,225,0.605016,0.085098,-0.198202,1.381685,57.000000
5,250,0.577894,0.083091,-0.254956,1.381685,57.000000
5,275,0.535874,0.079433,-0.240185,1.042324,43.000000
5,300,0.543635,0.081465,-0.243819,0.848403,35.000000
10,50,0.435144,0.061336,-0.272623,3.175452,131.000000
10,75,0.732656,0.098127,-0.192837,2.011928,83.000000
10,100,0.645739,0.087501,-0.213476,1.624086,67.000000
10,125,0.610058,0.083943,-0.205154,1.381685,57.000000
10,150,0.565749,0.079729,-0.240606,1.624086,67.000000
10,175,0.632032,0.088464,-0.224541,1.187765,49.000000
10,200,0.675625,0.094530,-0.193931,0.945364,39.000000
10,225,0.593880,0.084751,-0.223714,1.042324,43.000000
10,250,0.532321,0.077984,-0.208169,0.896883,37.000000
10,275,0.536393,0.079962,-0.247917,0.799923,33.000000
10,300,0.537564,0.081818,-0.266684,0.702963,29.000000
15,50,0.431709,0.061800,-0.288688,2.739130,113.000000
15,75,0.552562,0.076894,-0.233006,1.721047,71.000000
15,100,0.507106,0.071963,-0.252435,1.478646,61.000000
15,125,0.580912,0.081604,-0.223742,1.187765,49.000000
15,150,0.554941,0.079452,-0.289629,1.139284,47.000000
15,175,0.670702,0.094989,-0.282934,0.896883,37.000000
15,200,0.619545,0.089799,-0.266684,0.848403,35.000000
15,225,0.633354,0.091943,-0.266684,0.799923,33.000000
15,250,0.475059,0.071803,-0.266684,0.799923,33.000000
15,275,0.524022,0.080484,-0.301049,0.702963,29.000000
15,300,0.544539,0.085286,-0.291098,0.557522,23.000000
20,50,0.429867,0.062127,-0.273882,2.593690,107.000000
20,75,0.485437,0.069661,-0.262864,1.672566,69.000000
20,100,0.465340,0.067703,-0.268828,1.333205,55.000000
20,125,0.521444,0.075721,-0.270211,1.139284,47.000000
20,150,0.496180,0.073575,-0.333385,1.042324,43.000000
20,175,0.609063,0.089538,-0.331054,0.751443,31.000000
20,200,0.623729,0.092299,-0.320416,0.799923,33.000000
20,225,0.581917,0.087082,-0.320246,0.702963,29.000000
20,250,0.438908,0.068491,-0.338519,0.654482,27.000000
20,275,0.427799,0.067603,-0.325507,0.654482,27.000000
20,300,0.534715,0.084608,-0.315095,0.509042,21.000000
30,50,0.386784,0.057998,-0.315499,2.448249,101.000000
30,75,0.470344,0.068810,-0.277921,1.430165,59.000000
30,100,0.404886,0.061613,-0.330887,1.236245,51.000000
30,125,0.481315,0.072501,-0.333168,0.993844,41.000000
30,150,0.537464,0.080328,-0.312853,0.848403,35.000000
30,175,0.644965,0.096153,-0.308464,0.654482,27.000000
30,200,0.586778,0.088446,-0.352324,0.509042,21.000000
30,225,0.562653,0.085826,-0.345620,0.557522,23.000000
30,250,0.489700,0.076971,-0.337173,0.606002,25.000000
30,275,0.532513,0.084612,-0.346373,0.460562,19.000000
30,300,0.511176,0.081858,-0.337173,0.460562,19.000000
40,50,0.519347,0.074467,-0.326871,2.836091,117.000000
40,75,0.491910,0.073186,-0.294304,1.284725,53.000000
40,100,0.497967,0.074597,-0.317505,1.090804,45.000000
40,125,0.532955,0.079308,-0.310219,0.848403,35.000000
40,150,0.603992,0.089811,-0.337173,0.799923,33.000000
40,175,0.594766,0.090659,-0.337173,0.509042,21.000000
40,200,0.549057,0.085378,-0.337173,0.509042,21.000000
40,225,0.603719,0.094112,-0.337173,0.460562,19.000000
40,250,0.589301,0.092559,-0.337173,0.460562,19.000000
40,275,0.574130,0.091802,-0.337173,0.412082,17.000000
40,300,0.524744,0.084522,-0.337173,0.412082,17.000000
50,75,0.518458,0.077155,-0.338519,1.284725,53.000000
50,100,0.463757,0.070227,-0.340896,0.993844,41.000000
50,125,0.533174,0.080145,-0.337173,0.848403,35.000000
50,150,0.599441,0.090986,-0.337173,0.751443,31.000000
50,175,0.536337,0.083921,-0.337173,0.509042,21.000000
50,200,0.539162,0.084849,-0.337173,0.509042,21.000000
50,225,0.598924,0.094191,-0.337173,0.460562,19.000000
50,250,0.573908,0.090865,-0.337173,0.460562,19.000000
50,275,0.551938,0.088701,-0.337173,0.460562,19.000000
50,300,0.484258,0.078790,-0.337173,0.412082,17.000000
60,75,0.486198,0.072798,-0.322001,1.769527,73.000000
60,100,0.417166,0.064426,-0.337173,1.042324,43.000000
60,125,0.539857,0.081618,-0.337173,0.799923,33.000000
60,150,0.482851,0.075754,-0.337173,0.606002,25.000000
60,175,0.541620,0.085388,-0.337173,0.509042,21.000000
60,200,0.537220,0.085384,-0.337173,0.509042,21.000000
60,225,0.568723,0.090272,-0.337173,0.460562,19.000000
60,250,0.531977,0.085100,-0.339027,0.460562,19.000000
60,275,0.498832,0.080732,-0.342310,0.460562,19.000000
60,300,0.565570,0.092175,-0.337173,0.363601,15.000000
75,100,0.477129,0.073675,-0.337173,1.187765,49.000000
75,125,0.462175,0.072829,-0.337173,0.848403,35.000000
75,150,0.535267,0.084326,-0.337173,0.702963,29.000000
75,175,0.556800,0.088622,-0.338842,0.460562,19.000000
75,200,0.590379,0.094137,-0.337173,0.460562,19.000000
75,225,0.557912,0.089485,-0.337173,0.412082,17.000000
75,250,0.557891,0.089872,-0.337173,0.412082,17.000000
75,275,0.525130,0.085357,-0.337173,0.412082,17.000000
75,300,0.581992,0.094996,-0.337173,0.315121,13.000000
100,125,0.502635,0.080375,-0.337173,0.945364,39.000000
100,150,0.513794,0.081761,-0.337173,0.751443,31.000000
100,175,0.587535,0.093571,-0.337173,0.460562,19.000000
100,200,0.518325,0.083955,-0.337173,0.412082,17.000000
100,225,0.555881,0.090507,-0.337173,0.412082,17.000000
100,250,0.551519,0.090151,-0.337173,0.363601,15.000000
100,275,0.585632,0.096055,-0.337173,0.363601,15.000000
100,300,0.628059,0.103396,-0.337173,0.315121,13.000000
125,150,0.537733,0.085704,-0.337173,0.824163,34.000000
125,175,0.611278,0.097929,-0.337173,0.484802,20.000000
125,200,0.537337,0.087398,-0.337173,0.436322,18.000000
125,225,0.587887,0.096032,-0.337173,0.363601,15.000000
125,250,0.614322,0.100619,-0.337173,0.363601,15.000000
125,275,0.605803,0.099896,-0.337173,0.315121,13.000000
125,300,0.587453,0.097721,-0.337173,0.315121,13.000000
150,175,0.547020,0.088560,-0.337173,0.702963,29.000000
150,200,0.554258,0.090769,-0.337173,0.509042,21.000000
150,225,0.581134,0.095707,-0.337173,0.363601,15.000000
150,250,0.595724,0.098726,-0.337173,0.363601,15.000000
150,275,0.612669,0.101900,-0.337173,0.315121,13.000000
150,300,0.569362,0.095498,-0.337173,0.315121,13.000000
