train_start,train_end,test_start,test_end,lookback,skip,top_frac,train_obj,test_obj
2005-01-01,2009-12-31,2010-01-01,2010-12-31,252,21,0.2,-0.1817984697314554,0.8661470243843525
2006-01-01,2010-12-31,2011-01-01,2011-12-31,252,0,0.3,-0.17885565042805673,0.6440065113156085
2007-01-01,2011-12-31,2012-01-01,2012-12-31,252,0,0.3,0.007384893530817302,-0.738568042552189
2008-01-01,2012-12-31,2013-01-01,2013-12-31,252,0,0.3,-0.29866476863159436,1.336990066796863
2009-01-01,2013-12-31,2014-01-01,2014-12-31,252,0,0.3,-0.19812384027537652,-0.32135694621373156
2010-01-01,2014-12-31,2015-01-01,2015-12-31,252,0,0.3,0.31517741304481944,1.092830253154564
2011-01-01,2015-12-31,2016-01-01,2016-12-31,252,21,0.3,0.36725700722692106,-1.2366646574581561
2012-01-01,2016-12-31,2017-01-01,2017-12-31,126,21,0.2,0.1632937853311614,0.477242375726685
2013-01-01,2017-12-31,2018-01-01,2018-12-31,126,21,0.2,0.7749753249762696,0.9652124131167923
2014-01-01,2018-12-31,2019-01-01,2019-12-31,126,21,0.2,0.6226021808229645,-1.6086227435625438
2015-01-01,2019-12-31,2020-01-01,2020-12-31,126,21,0.2,0.27306860403291733,0.7632464184313955
2016-01-01,2020-12-31,2021-01-01,2021-12-31,126,0,0.2,0.383575176250158,-0.14686303913967533
2017-01-01,2021-12-31,2022-01-01,2022-12-31,126,0,0.2,0.3449739406846652,0.5630462362208618
2018-01-01,2022-12-31,2023-01-01,2023-12-31,126,0,0.2,0.3782743559863796,-0.5504031368669569
2019-01-01,2023-12-31,2024-01-01,2024-12-31,126,0,0.2,0.147559203836321,0.5660092365289909
2020-01-01,2024-12-31,2025-01-01,2025-08-29,126,0,0.2,0.4241225855991087,-0.6229639596010548
