,out_of_sample,in_sample_best
ann_vol,0.08547652590025437,0.09179310877056125
best_period,0.037409396863792965,0.03886352091659173
cagr,0.024635422610927993,0.020755189758771442
calmar,0.15296562126310437,0.10529550300674087
end,2025-08-29 00:00:00,2025-08-29 00:00:00
exposure,1.0045549827436502,
max_dd_duration_days,799,2329
max_dd_recovered,True,True
max_drawdown,-0.16109335906511835,-0.19716423123947502
periods,3939,3939
positive_periods,0.5313531353135313,0.5252602183295253
sharpe,0.17622002698812061,0.1287837741068597
sortino,0.24233510060755234,0.1786169079076279
start,2010-01-04 00:00:00,2010-01-04 00:00:00
time_in_market,0.9959380553439959,
total_return,0.4636856461889529,0.3792862970547608
turnover,5.870644096610912,
worst_period,-0.03690042145664296,-0.037168402950373935
