,CAPM alpha (ann.),CAPM t(alpha),Fama-French 3-factor alpha (ann.),Fama-French 3-factor t(alpha),Carhart 4-factor alpha (ann.),Carhart 4-factor t(alpha),Fama-French 5-factor alpha (ann.),Fama-French 5-factor t(alpha),Fama-French 6-factor alpha (ann.),Fama-French 6-factor t(alpha)
SMALL LoBM,-0.06326445218758905,-2.9610173992012645,-0.056210229426247246,-5.094962384666963,-0.05189801851749827,-4.619531276161247,-0.03315219932235698,-3.2475233770922904,-0.030142615739394564,-2.909156510395739
ME1 BM2,0.006122120218780479,0.32328045765954083,0.0007629631926249113,0.08903748007077662,-0.0011469837929235964,-0.131224860821301,0.018502094943785748,2.317955320188562,0.016219614028796278,2.001819405057617
ME1 BM3,0.015624321136997896,1.0063928149603032,-0.0017374889785919199,-0.2683459217906602,0.0004883524122967708,0.07402559092222476,0.0048731319583364624,0.7583919938754181,0.006793053091730438,1.0416405841295644
ME1 BM4,0.04150071869558111,2.6370514012248245,0.015602158829352408,2.6837691552599017,0.014162734978376973,2.3887987940932254,0.01905355704373944,3.2436368488614944,0.017827854297776984,2.9875433142301584
SMALL HiBM,0.056751641778093116,3.159816388722448,0.020957097797563877,2.487730302645688,0.021113148791764808,2.4550781642181554,0.01817922449190204,2.0834525751592854,0.019165057813444627,2.160742687252482
ME2 BM1,-0.032047607363774426,-1.9700234723550152,-0.020165602386703743,-2.5883566643286144,-0.017055442054980226,-2.150028819485152,-0.007611945038674666,-1.0655812264402194,-0.005429951718970457,-0.7490144063807829
ME2 BM2,0.012459610096817664,0.9301092720152752,0.004149526399161144,0.6454221952024836,0.008023537172379282,1.2297975122583782,0.005721733761441481,0.9371269570008839,0.009269403952449164,1.5035595142426
ME2 BM3,0.028768557493103124,2.3228260575839386,0.008900516394107882,1.3274357299935964,0.011798476183903093,1.7289715899546678,0.004959711536917589,0.7802527065489845,0.007779993330031657,1.2086175286305043
ME2 BM4,0.034782364354208437,2.7287759940420897,0.005846677768220569,1.0394167251811732,0.006037247526483753,1.0513937168250076,0.0032185259149110582,0.5731652039933387,0.0036691892213501784,0.6427191459191566
ME2 BM5,0.038429576719081204,2.4302349257742795,-0.0015771547602922557,-0.265344256616277,-0.0016889501552167746,-0.27835078321599277,-0.0020482291028372816,-0.33367246644326864,-0.0018911147925587037,-0.30299574470245727
ME3 BM1,-0.02599025963598804,-1.9843996755032445,-0.011972014599731802,-1.6603582989162413,-0.009035046955204885,-1.2307785695918914,-0.0013041933018836866,-0.1882492553462178,0.0005270921029037448,0.07493276803359651
ME3 BM2,0.01554217525858313,1.495054452460891,0.00641522485036132,0.9155886189414115,0.007764842825956615,1.0862295363772845,0.001436541467274185,0.21360494780332348,0.0030007038502679454,0.43930830591659714
ME3 BM3,0.01726121435185344,1.6932478379382045,-0.0034013477854670134,-0.48737748644515616,-0.0004629065025513844,-0.06516337506753601,-0.010189797070653775,-1.516183095516534,-0.007071612472229617,-1.0394430650028401
ME3 BM4,0.03247284129303525,2.837848171702613,0.0021756189540940297,0.33041341289099424,0.005409258630990061,0.8079113049877276,-0.0030194887130519698,-0.47034141156433856,0.0002614862782398371,0.04027521080067952
ME3 BM5,0.04189456864741952,2.8016924185732117,0.0006924923194045235,0.08562012744716149,0.004175061408084068,0.5071979261840761,-0.0050733553115739636,-0.6345210632997097,-0.0014703651546126154,-0.1816195090974447
ME4 BM1,-0.008761602314320905,-0.8735961069094221,0.006377496921830004,0.9118382923727281,0.00592869979694438,0.8304125393277366,0.013378099935219663,1.9168289883416005,0.012555013910045135,1.7697053567775027
ME4 BM2,0.0011876481977227682,0.14510649584238222,-0.008243191374600287,-1.1156637954317499,-0.0049446604110473255,-0.6576988737556286,-0.017241314556309683,-2.3870655683567215,-0.013511134903665425,-1.8498844299619628
ME4 BM3,0.017137243874106648,1.8142595361410656,-0.003391979858848237,-0.449663347685754,-0.0005953196011537713,-0.0774813123059081,-0.011923635065179915,-1.6112538601795838,-0.008815225295964825,-1.175807749056501
ME4 BM4,0.03309824912690698,3.039245262390958,0.005918411709538376,0.7604369157379667,0.009920802762894544,1.2540707948686587,0.002536173449666233,0.32335988753796463,0.006436757880652514,0.8112574694454461
ME4 BM5,0.027168157446411177,1.8855027100467756,-0.012978314499679604,-1.42073653997939,-0.004180760377409266,-0.455252959428284,-0.013858125513025819,-1.5039914788887425,-0.005752442697843784,-0.6239733215099187
BIG LoBM,0.0022014661765540084,0.31099237299400007,0.01942431920122356,4.022730029716904,0.02031139795314949,4.122793517807109,0.014630535286957045,3.1609403589620255,0.015426038081851216,3.279779263941408
ME5 BM2,0.004142379024319777,0.5974871863328768,0.0008308591794886604,0.12861992126859834,0.0007456704319982381,0.11307502721355374,-0.009170456045522106,-1.4227031221765625,-0.008519233933199456,-1.3001269503154087
ME5 BM3,0.01152887446952246,1.2823849348841754,-0.0020498842931838466,-0.27083641662604285,-0.0012687408853991982,-0.16423426264037908,-0.007773354116910155,-0.9998123617646475,-0.0065714023135443125,-0.8316717929669383
ME5 BM4,0.002972535835944155,0.25955761613483114,-0.027113973942485887,-3.8699739421980275,-0.02333082107619956,-3.2775980912610803,-0.028469594458677625,-3.9273342708264343,-0.025046986233982316,-3.4137912375808157
BIG HiBM,0.02349513072569822,1.4848651546926523,-0.01421528266006615,-1.2178968948256594,-0.008792418972383267,-0.7405152411063829,0.00509197960276963,0.44699338274440215,0.008260138413452581,0.7142701415832581
