,realized (ann.),CAPM implied (ann.),Fama-French 3-factor implied (ann.),Carhart 4-factor implied (ann.),Fama-French 5-factor implied (ann.),Fama-French 6-factor implied (ann.)
SMALL LoBM,0.03866495112285337,0.10191849211877205,0.0948559640749405,0.09053235804170631,0.07181891091256298,0.06879764496243997
ME1 BM2,0.09374929458388376,0.08758626416467774,0.09293949638204367,0.09482022999050489,0.07524395185771283,0.07749921056626528
ME1 BM3,0.09556849141347423,0.0799353220490722,0.09729081437001252,0.09505699198438473,0.0906908612391328,0.08876462631014245
ME1 BM4,0.11581542404227213,0.07431214395420532,0.1002038941562255,0.10163618940084992,0.09676246507494389,0.09798314165035306
SMALL HiBM,0.1332374425363276,0.0764790243512791,0.1122670530767031,0.11210249559291949,0.11505576247300286,0.11406554528479709
ME2 BM1,0.06699801321003962,0.0990364836605494,0.08714823582590626,0.08402808312139896,0.07461161437202898,0.07241908598768772
ME2 BM2,0.09738949537648611,0.08501656130640739,0.09331543095704241,0.08949063842148261,0.09167045218941867,0.08817272277227764
ME2 BM3,0.10653244914134744,0.07775623430232051,0.09761988142294907,0.09471438685827437,0.10157002612784181,0.09874312137726993
ME2 BM4,0.10791585733157198,0.07312600635475147,0.10205749483414003,0.10185974069826204,0.10469392060061575,0.10423798275490243
ME2 BM5,0.12054515191545573,0.08211748735842916,0.12211839608521784,0.12222674868115924,0.12259374322135333,0.1224350647836331
ME3 BM1,0.06790801585204755,0.09385915351220481,0.07983826590440084,0.07687323286908844,0.0692145239520958,0.06735323715812531
ME3 BM2,0.09580690620871864,0.08023186346558503,0.08935694264832111,0.08798477556458825,0.09436715026827407,0.0927818156448051
ME3 BM3,0.09010468692206075,0.07285241045821843,0.09351169006373075,0.09057854959181388,0.10028946190909302,0.097178080691143
ME3 BM4,0.10402903038309114,0.07170696373355565,0.10199237214346778,0.09885022728036616,0.10705015933374963,0.10386178101995855
ME3 BM5,0.11982532628797887,0.07793153077865658,0.11912983321074652,0.11564441967059061,0.12489976456509119,0.12129476760513513
ME4 BM1,0.0769789854689564,0.08574828866838116,0.0706060482790253,0.07105782773989247,0.0636015922156445,0.06442744444920388
ME4 BM2,0.07847705151915456,0.07728625708732294,0.08671588581702086,0.08341599986887173,0.09571379742423779,0.09198407836666408
ME4 BM3,0.08971387054161162,0.07257436894076465,0.09310266698399729,0.09030420535897865,0.10163569180908583,0.09852647913517314
ME4 BM4,0.10417493262879787,0.0710087743709702,0.09819123066189425,0.09414691094209265,0.10163551876359508,0.0976931622382681
ME4 BM5,0.10446294848084542,0.0772961648938629,0.11744058463651862,0.10864236995370852,0.11832455717955147,0.11021678428649319
BIG LoBM,0.07344835402906208,0.07124713840269134,0.05402573552211215,0.05314025720518144,0.058815736651704295,0.058021111980133044
ME5 BM2,0.07051746895640687,0.06637664615866756,0.06968916952371136,0.06977490856087329,0.07968913580119472,0.07903964302468106
ME5 BM3,0.0733594398943197,0.061831497710031325,0.07541140889624588,0.07462980577629934,0.08113721188396468,0.07993501482780921
ME5 BM4,0.06650973844121531,0.0635384155646222,0.09362627908938773,0.08984627573823034,0.09497737477584085,0.09155702117862283
BIG HiBM,0.09559575693527081,0.07210420650377167,0.10981531893179963,0.10439703092699723,0.09050539850447929,0.0873363536950986
