date,SPY,IWN,BRK-B,AAPL
2005-01-31,-0.022421026344541795,-0.03891965834779132,0.019754765383130257,0.19409916082914602
2005-02-28,0.0209040937071594,0.020759830494082587,0.007013997352263823,0.16671011663491786
2005-03-31,-0.018293297697519084,-0.021469683602630796,-0.05273632413615925,-0.0711103363706358
2005-04-30,-0.018734677981211534,-0.05210319753884163,-0.020308120957694742,-0.1346291652765832
2005-05-31,0.03222427113393356,0.06012034633089969,0.004288807762568236,0.10260659926726379
2005-06-30,0.0015150598823332473,0.04532947207442328,-0.00943065101066054,-0.07419474030522699
2005-07-31,0.03826171612026763,0.06034226974269585,-0.0005388679770714777,0.15865240264423552
2005-08-31,-0.009374709195810071,-0.023466977830268076,-0.0021567026096533937,0.09941357230653547
2005-09-30,0.008025275922181496,-0.005533816327076946,-0.01621040198952406,0.14331423638514762
2005-10-31,-0.023650447553673293,-0.033065560130517424,0.030757970304446047,0.07424020819051291
2005-11-30,0.04395207380625643,0.05019632955343556,0.04973355728249085,0.17763450022367788
2005-12-31,-0.0019133122838327354,-0.010174422955205875,-0.006598974614512199,0.06001170894813046
2006-01-31,0.024014001853554845,0.07765810909386861,-0.0011922959617748363,0.05035513256818902
2006-02-28,0.005725537109805723,0.004081581277223023,-0.015006839653388226,-0.09296795635728095
2006-03-31,0.01650440681829246,0.051333290269407916,0.04293634745500041,-0.08424611234816826
2006-04-30,0.012631224007708441,0.0033452024756595033,-0.019920330835057065,0.12229006611019222
2006-05-31,-0.030120777278260347,-0.0400058678542865,0.03963414831134382,-0.150873745375793
2006-06-30,0.002608457178495005,0.0083559590949569,-0.008471822233867554,-0.04182750350836417
2006-07-31,0.004477945849840292,-0.01202181348438669,0.0013144596706398115,0.18666004780971202
2006-08-31,0.021822787369119467,0.02909088318817732,0.051362014090092334,-0.0016185395797380098
2006-09-30,0.027001589422943617,0.007304744707717248,-0.009208680433871685,0.1345617395546035
2006-10-31,0.03151620418202916,0.052339307021983084,0.10743546878861898,0.0532604394940992
2006-11-30,0.01988563060830173,0.02589846076000568,0.011379735243742362,0.13048821839625702
2006-12-31,0.01337140334236575,0.010799621659980163,0.031223646530894822,-0.07440545944416754
2007-01-31,0.015040172481628034,0.014742626570200201,0.00040914865550645274,0.010490564711703287
2007-02-28,-0.019617633221733266,-0.012804321732664659,-0.03940012883119648,-0.01306416945827904
2007-03-31,0.011588936706540709,0.013347074218239774,0.033210388840337446,0.09809688465587052
2007-04-30,0.04429646142268773,0.006790173874355432,-0.0032967786140534194,0.0741577886479301
2007-05-31,0.03391932114345497,0.039852727942394583,-0.0008268682554088969,0.21432873716335332
2007-06-30,-0.014620567748755975,-0.02383181421845182,-0.005517262425915992,0.007013676969367388
2007-07-31,-0.03131060982077738,-0.08572080465503629,-0.00027734595685990904,0.07964630266664918
2007-08-31,0.012833014432024115,0.018724664139052605,0.07935628572970899,0.05100123689411018
2007-09-30,0.038714821601597116,0.0048422280577828936,0.015938275258737367,0.10824679720382768
2007-10-31,0.013566314460281115,0.01068096502689797,0.11690280562679423,0.23770193017977936
2007-11-30,-0.03873288421129639,-0.07372107087787327,0.06252836824636954,-0.040695279960552666
2007-12-31,-0.011260464623511046,-0.013413324432889229,0.009808082505473603,0.08703790352130003
2008-01-31,-0.06046103291019056,-0.03845099945712127,-0.03927366103000052,-0.31663980861160834
2008-02-29,-0.0258424986621546,-0.03172450715621833,0.027362613887577325,-0.07638918824440888
2008-03-31,-0.008942370126483357,0.0009074786582454752,-0.04310620249632746,0.14781673915670113
2008-04-30,0.04766246835355403,0.03949951992198186,-0.003577014286821778,0.2121949409424062
2008-05-31,0.015116400924047868,0.03110359730888468,0.009199009428302096,0.08508141310344963
2008-06-30,-0.08357604017544329,-0.0933412551100068,-0.10804803601182811,-0.11290024912695762
2008-07-31,-0.008985494460141408,0.04629883150559899,-0.045613112290066815,-0.05070458206857675
2008-08-31,0.015453877653050618,0.05221104769583862,0.019065017622924563,0.06656171333900218
2008-09-30,-0.09417380080161197,-0.03203636399492449,0.1263454702034703,-0.3295581926871508
2008-10-31,-0.16518650784862832,-0.20969631938990618,-0.1262798439298446,-0.05340489313999863
2008-11-30,-0.06960695064075229,-0.1127207769170554,-0.08880207583101285,-0.1386745847686338
2008-12-31,0.009796738847811293,0.05290499272601745,-0.08145190489008403,-0.07899008546673292
2009-01-31,-0.08211476336739665,-0.13788901587485136,-0.07000622410480428,0.05600484460729693
2009-02-28,-0.10744900015646686,-0.13894786324970876,-0.14218802565355249,-0.009097698237947816
2009-03-31,0.08331111906782485,0.08697668610714193,0.09984404969699634,0.17702363898446527
2009-04-30,0.0993464690646706,0.15357348771806878,0.08687938969174125,0.1970128261145523
2009-05-31,0.058453159871666216,0.023725795928297266,-0.030342587822204226,0.07931349658646258
2009-06-30,-0.0006551763828660517,-0.0015024127203817628,-0.025572013675664307,0.048744589689798445
2009-07-31,0.07460576951224174,0.11250097681774118,0.09823899553327387,0.14716000093575854
2009-08-31,0.03693981600708596,0.05069952315443471,0.03317089435789433,0.029499506568965383
2009-09-30,0.03545655431354944,0.046797989785089866,0.011259857730136824,0.10189663970423202
2009-10-31,-0.019225143359875796,-0.06308687562847826,-0.012037246966351334,0.016994886928832775
2009-11-30,0.061607007564545846,0.02629116738288606,0.0213218674748914,0.06053061871065579
2009-12-31,0.019100714074377523,0.07660008699997878,-0.019982051695122793,0.05412451972241339
2010-01-31,-0.036342242517347634,-0.027739685171995543,0.16296407312145322,-0.08859657816395006
2010-02-28,0.03119469786616791,0.04536580925780287,0.04841026996557041,0.06539574744732612
2010-03-31,0.060879909210736605,0.08500326786079682,0.014226874188490113,0.14847013162732536
2010-04-30,0.015470188420113384,0.06813894806016796,-0.05254087387034123,0.11102182501252855
2010-05-31,-0.07945459426374735,-0.08241666017437399,-0.08376619413301545,-0.01612498347518465
2010-06-30,-0.05174089026511308,-0.08838058470700971,0.1295534938948626,-0.020826599559803594
2010-07-31,0.06830063786836216,0.07081394909210292,-0.019701338269861313,0.022740362647873713
2010-08-31,-0.044980727809160626,-0.07504923478436543,0.008448489625068722,-0.05500435578479024
2010-09-30,0.08955452787470697,0.10698454453138151,0.049504970630994904,0.16721463449887608
2010-10-31,0.03820238565497869,0.03855465948562209,-0.037735882136743504,0.06072256181907543
2010-11-30,0.0,0.02609532103753498,0.0015083301943750183,0.03378963971680249
2010-12-31,0.06685225225040847,0.08335403765924831,0.00539659015472993,0.0366707902732073
2011-01-31,0.023300254156397804,-0.0012658639135098015,0.020471843429701764,0.05195922460963476
2011-02-28,0.034737260273373316,0.05098584033020703,0.06764524500668956,0.040934480606107826
2011-03-31,0.00012009868473450425,0.013588864780693433,-0.04181944978148533,-0.013306275617679164
2011-04-30,0.02896121451910072,0.01605205702416157,-0.003945883205761613,0.004648241918640883
2011-05-31,-0.011214034920938087,-0.01697345045550369,-0.050780350563796706,-0.006569097783800326
2011-06-30,-0.016870130698686814,-0.02497026370183486,-0.02124700027393256,-0.03495940213542703
2011-07-31,-0.02000429656305891,-0.03170945387250468,-0.04160745892361162,0.16328489144436475
2011-08-31,-0.05497581607698632,-0.09105084778254657,-0.015774547631513758,-0.014469191603041387
2011-09-30,-0.06942069720615152,-0.10844145043645481,-0.026849302527022667,-0.009120791221450819
2011-10-31,0.10914733938213161,0.14466064446387095,0.09600224671919388,0.06152298192924466
2011-11-30,-0.004063802007271855,-0.0019913962663297147,0.011559228343484662,-0.05578325818516383
2011-12-31,0.010448097168302306,0.01410179531516742,-0.03123411652805208,0.05965475563196576
2012-01-31,0.04637473390523805,0.06718481739873905,0.027129745898175628,0.12711104539875895
2012-02-29,0.043405153245899664,0.014560477909707492,0.0010207247525411134,0.18831071993484372
2012-03-31,0.03216429267625376,0.031005946072795165,0.03441688569367396,0.10528306300915391
2012-04-30,-0.006675689725212486,-0.015211802710384026,-0.008626057479659832,-0.025969670585036853
2012-05-31,-0.06005605226873356,-0.06081248992105992,-0.013548743060759594,-0.010701892724672035
2012-06-30,0.04058133021879806,0.04991786335650894,0.05002521661000703,0.010852763320329029
2012-07-31,0.01182935646936678,-0.012501555496697181,0.018120658510212717,0.04582174628846025
2012-08-31,0.02505276444480442,0.03452720376710072,-0.005893446741895847,0.09387724503068973
2012-09-30,0.025350836200914717,0.0332375481335645,0.0457671422570054,0.0027955650471900295
2012-10-31,-0.018197961178365474,-0.015147435712407953,-0.02097504011487339,-0.10760010439865975
2012-11-30,0.005659026353231678,0.005217702382442901,0.020034781557663583,-0.012374128681637453
2012-12-31,0.008934672122881349,0.04220257931812221,0.018392314753748584,-0.0907430096976759
2013-01-31,0.051190283531137304,0.059594843433289135,0.08060204685520089,-0.1440895376594895
2013-02-28,0.01275879439335914,0.009998546956492271,0.05395649788989343,-0.025285499972835468
2013-03-31,0.037971344100560245,0.04093786854158421,0.019968610150798538,0.002854192919380605
2013-04-30,0.01921232085509139,0.0003582820856251612,0.020345516398000196,0.00027122664361312054
2013-05-31,0.023609648306382347,0.02958013819843952,0.0728931529556549,0.02241927323021331
2013-06-30,-0.013344605772033002,-0.004865640707979568,-0.01884808917007874,-0.11829337234979187
2013-07-31,0.05167697975504959,0.06538146340478135,0.035293107954434744,0.14122511113672132
2013-08-31,-0.029992232276417896,-0.044515230238208914,-0.04013119371412177,0.08376708672439737
2013-09-30,0.0316464681904598,0.05772312408555713,0.020589829980159013,-0.021489287370695775
2013-10-31,0.04630651330779667,0.03208214051188807,0.013919427115893335,0.09638133229123147
2013-11-30,0.029637823052940826,0.037745811881587876,0.0125119687829216,0.0700531590616611
2013-12-31,0.02592613179902714,0.020348870188341417,0.01742039646925253,0.00890177279217097
2014-01-31,-0.03524813532908999,-0.03879404807012876,-0.05870444692808752,-0.1076968477001119
2014-02-28,0.04551603792768266,0.04558767065798763,0.03745520037928207,0.057511142479003796
2014-03-31,0.008295320210224943,0.012033769549877782,0.07937469803333208,0.01995301213505707
2014-04-30,0.006951519688768837,-0.025287112299629322,0.031047490156939528,0.09939579281780264
2014-05-31,0.023206552673278535,0.005900366956646419,-0.0039581664064126665,0.07870976091818593
2014-06-30,0.020644760733687262,0.04440212742610283,-0.013869400265608012,0.02766194673001121
2014-07-31,-0.013437468994536905,-0.06154970148273986,-0.008928549898990057,0.02873082817882322
2014-08-31,0.03946340014833427,0.04337464617891196,0.09423582608678727,0.07750900697194951
2014-09-30,-0.01379611762878985,-0.06641994570379117,0.006484512857183544,-0.01707333731981986
2014-10-31,0.023550588176362686,0.06968729348789582,0.014622877380816801,0.07196025039239373
2014-11-30,0.02747206679665415,-0.003796932670619424,0.0608590079653577,0.1059792493097731
2014-12-31,-0.0025367385380793417,0.026457863592908026,0.00981902906117349,-0.0718911403126099
2015-01-31,-0.029628924197406703,-0.04258457726632314,-0.04155837820863939,0.06142415675648771
2015-02-28,0.056204713004401,0.04643065671510693,0.024320755409177552,0.10077658714745152
2015-03-31,-0.015705721471058642,0.01726052467425787,-0.020961917516625683,-0.03137168937504864
2015-04-30,0.009833904549260364,-0.02150989488061983,-0.0215493379470586,0.005786730264323747
2015-05-31,0.012856125028566368,0.007525673077473982,0.012676107931641534,0.04533873990996007
2015-06-30,-0.020312166553094646,0.0020638770987380095,-0.048181813913625415,-0.037227317583779174
2015-07-31,0.02258887605633153,-0.028390881386473943,0.048710637374784316,-0.03292686687483248
2015-08-31,-0.0609497796031383,-0.048924403926827065,-0.06095006215652632,-0.06619643698795552
2015-09-30,-0.025515970105477348,-0.03486645039801195,-0.02715606962078998,-0.021815742848534714
2015-10-31,0.08505993061798223,0.05516059498885939,0.043098241096835466,0.083408622701177
2015-11-30,0.003654928153190795,0.029662193886376587,-0.014189147727891038,-0.005804124985689163
2015-12-31,-0.017282490556605135,-0.05423470756712567,-0.015288262418861276,-0.1102283799726137
2016-01-31,-0.04978697586901304,-0.06547744537312217,-0.01719167774230923,-0.07524265702899124
2016-02-29,-0.0008257277896926984,0.006051719353239227,0.03390609348556617,-0.0012871026734960767
2016-03-31,0.06726628274589408,0.08262091037408603,0.05746446164632757,0.12721043964827028
2016-04-30,0.003941359692680502,0.021356528849797662,0.025373489715481812,-0.13992091667423978
2016-05-31,0.017011124394536115,0.01786289126914098,-0.03395657538138841,0.07177268486576405
2016-06-30,0.0034760386200898274,0.004335576997787083,0.030240502369650812,-0.04265965829043439
2016-07-31,0.03647115957080649,0.0536329711212149,-0.003591332535282876,0.09006282933031873
2016-08-31,0.0011977096872803905,0.024244421800508453,0.04311361361684263,0.023651902473943887
2016-09-30,5.790968187913137e-05,0.007220659119344663,-0.04000268491407821,0.06550391487771456
2016-10-31,-0.017337121723398075,-0.03121707691991371,-0.001176702204671587,0.004334838776695493
2016-11-30,0.03683863966672818,0.13165146876010736,0.0910602849047435,-0.021601140193830637
2016-12-31,0.02027191753728097,0.042028511008513014,0.03518796494045162,0.0479550178634911
2017-01-31,0.017894583683608856,-0.00849152109300888,0.007117460378687213,0.04774662963976861
2017-02-28,0.03929151335069725,0.014076030719604837,0.0443523748407908,0.13377802491729818
2017-03-31,0.0012498658228965454,-0.008381262653592958,-0.027651414909551475,0.048690045732314946
2017-04-30,0.009926051453088114,0.003723652223271534,-0.008819210622197593,-7.016362156553324e-05
2017-05-31,0.014112910264957756,-0.030607297780045895,0.0004236551212719597,0.06780743082589291
2017-06-30,0.006375023742712926,0.03392192372760272,0.024745863795365253,-0.057214030034812624
2017-07-31,0.020554371461517285,0.0073665535387752445,0.03306374366747167,0.032703628543874874
2017-08-31,0.002917415009827451,-0.02451737920521213,0.03537750699103159,0.10699957611989386
2017-09-30,0.020149369796170102,0.07151975031143953,0.011923181819636586,-0.060243850367436735
2017-10-31,0.02356416079310608,0.00048335224041440306,0.019746863258548686,0.09680758295169589
2017-11-30,0.030565985050993394,0.02899018068654824,0.03247026846130607,0.020278094708361394
2017-12-31,0.012127960387146253,-0.009536798233966581,0.026993455583372183,-0.01524610146294636
2018-01-31,0.05635901848699287,0.012246457875651817,0.08152559561391803,-0.010636355265944086
2018-02-28,-0.03636059646140766,-0.0498860523713871,-0.033491966466252965,0.06818524358262357
2018-03-31,-0.02741044359054734,0.011111402385777236,-0.037258693698878576,-0.05805073844825004
2018-04-30,0.0051684548957837695,0.018460868402845554,-0.02882494547399972,-0.015020064435001257
2018-05-31,0.024309141568594095,0.058325666880440385,-0.011355995440872513,0.13512450453272162
2018-06-30,0.005750954537136366,0.004186712866193432,-0.02547906288265478,-0.009418384780048417
2018-07-31,0.037046387226535415,0.018098900875943125,0.06011251855130362,0.027983163146324985
2018-08-31,0.031919681129899846,0.023939325652929888,0.05483401410653377,0.20042232179398112
2018-09-30,0.005945512954034005,-0.024718515147223008,0.025824067449812693,-0.00830282221328238
2018-10-31,-0.06910422214444589,-0.08909762818968348,-0.04124049229780713,-0.03047784184673097
2018-11-30,0.0185493131145662,0.01576532845490597,0.06313331445310899,-0.18119750402437484
2018-12-31,-0.08804839395920339,-0.1214346733648406,-0.06442454391261099,-0.116698320175884
2019-01-31,0.08006575892367529,0.10907578270181495,0.006660792727674947,0.05515400995523878
2019-02-28,0.03241560880669425,0.03898723445900254,-0.020628541271150547,0.04477637048398808
2019-03-31,0.018100472881196872,-0.02830458288798743,-0.0020367792145733477,0.09702602292404028
2019-04-30,0.04085242540897993,0.03694797303683606,0.07874960113636176,0.056435687244037025
2019-05-31,-0.06377114127231931,-0.08195944971726332,-0.08901300330995521,-0.12421294272408434
2019-06-30,0.06958634285503651,0.060951591615370226,0.07977915178847117,0.13051919522474553
2019-07-31,0.015119350235689,0.0038172996077427968,-0.03630907519654725,0.07639442149948361
2019-08-31,-0.016743341858115435,-0.055886282323187486,-0.009832980020886728,-0.016461142447984245
2019-09-30,0.01945807913715325,0.05055783617005494,0.022663588453640582,0.07296142308459919
2019-10-31,0.022104563669101074,0.024956043994507127,0.021920956950953308,0.11068469467270381
2019-11-30,0.03619819994722806,0.02230563963223542,0.036315745386240605,0.07755413191296356
2019-12-31,0.029055640185995157,0.03415670115805858,0.028143426519996684,0.09878356797045762
2020-01-31,-0.00040366158914406647,-0.05241875109730343,-0.0091391051841887,0.054010053057503615
2020-02-29,-0.07916589512974603,-0.09627375529379845,-0.08060418361294519,-0.11470124024846973
2020-03-31,-0.1248714026881016,-0.25069764488665114,-0.1139381357181829,-0.06976165346967833
2020-04-30,0.12698368416838557,0.12532007127983213,0.024777108428204464,0.15537390487039815
2020-05-31,0.04764548364671595,0.031198982325832736,-0.009500420439252144,0.08509444147651646
2020-06-30,0.01773434759759862,0.028474506300244506,-0.0380968167607576,0.1473858514892854
2020-07-31,0.05889207947010733,0.020931969561167607,0.09674530728754016,0.1651314995266342
2020-08-31,0.06979671739125792,0.05366810088471663,0.11369902260511133,0.21656937994783276
2020-09-30,-0.0374438092263617,-0.047014821497363024,-0.02339016236362601,-0.10252624219566919
2020-10-31,-0.024933769766685265,0.03684685800540777,-0.051845629841014484,-0.06001185373343998
2020-11-30,0.1087772291900464,0.19060098303071227,0.1337791509764643,0.09549285862224166
2020-12-31,0.03704824399829909,0.0798966103254275,0.012930808648482284,0.11457357241409172
2021-01-31,-0.010190378372995634,0.05047451590042029,-0.01725104620793383,-0.005501216339519832
2021-02-28,0.027805486239884658,0.09537599603757885,0.05547022276078084,-0.07971225953885153
2021-03-31,0.045399217278770276,0.05460789720876935,0.062201185212874766,0.007339721216136574
2021-04-30,0.052910714919006896,0.018248035175872923,0.07625165731102479,0.07621787110546263
2021-05-31,0.006565911654636825,0.03171543601530491,0.05270045314078531,-0.05049700780558186
2021-06-30,0.022427398240887575,-0.008267288101125314,-0.039800956731970594,0.09910905348539512
2021-07-31,0.024412257500277423,-0.03504864134500596,0.001331300731545637,0.06498247641835087
2021-08-31,0.029760096813137293,0.02525616451871593,0.02687836515532882,0.042489217969681636
2021-09-30,-0.04660559378178408,-0.01829429657653947,-0.04489619997029082,-0.06803667906028321
2021-10-31,0.07016359220536494,0.03838222303211958,0.05154981753632559,0.058657255301880484
2021-11-30,-0.008034834311515526,-0.035521126564531436,-0.03595695959400913,0.10508210378086669
2021-12-31,0.04624789705942489,0.04049677313299105,0.08063174441338283,0.07422831285319775
2022-01-31,-0.052741257869987845,-0.05847669872664596,0.046889595363451164,-0.015711900400978918
2022-02-28,-0.029517070586338456,0.015351531465158219,0.02693126154633907,-0.05406593151230987
2022-03-31,0.03759042568441284,0.02005221156955561,0.09786900065449733,0.057473412550423264
2022-04-30,-0.08776887534277655,-0.07794281365617328,-0.08523424322832063,-0.09713080969533605
2022-05-31,0.0022570745704741935,0.01928499301741393,-0.021218523281151702,-0.054496075946059985
2022-06-30,-0.0824605416742874,-0.09905340190168388,-0.1359580368345359,-0.08142979497667047
2022-07-31,0.09208767673722407,0.09621770879173619,0.10101830708249948,0.18863376414310262
2022-08-31,-0.04080210909327919,-0.030620101071404893,-0.06586832304896384,-0.031208135302580042
2022-09-30,-0.09244583972568787,-0.10273417473299451,-0.04907407186020518,-0.12097691715058145
2022-10-31,0.08127561249285375,0.12712341490664336,0.10512324349912805,0.10955150502993694
2022-11-30,0.05559139763468912,0.02835105226909551,0.07967064304919713,-0.03302774464469038
2022-12-31,-0.05762817298504219,-0.06596623019070869,-0.030445737668566286,-0.12227231751659395
2023-01-31,0.06288735478705454,0.0966325264488328,0.008481693651523736,0.1105208486487197
2023-02-28,-0.025142511885075214,-0.02281843517182347,-0.02035181228005367,0.02318305788299746
2023-03-31,0.03707771660770143,-0.07306027918670022,0.011763537663180168,0.1186484041591287
2023-04-30,0.015974802565990043,-0.025251919129472333,0.06406062597754936,0.02898759797027939
2023-05-31,0.004616245961100995,-0.018193777156203406,-0.022736269968788525,0.04605813436589723
2023-06-30,0.06479990559580551,0.07859317961649759,0.06204065734645514,0.09433010442971845
2023-07-31,0.03273315797802545,0.07414782760396066,0.03214073740492118,0.012785552250111909
2023-08-31,-0.016251928758105882,-0.04773868674234305,0.02341181086488575,-0.0423837685074846
2023-09-30,-0.047434641937750266,-0.05228999561863723,-0.027484797552900342,-0.08867827625523883
2023-10-31,-0.02170860815281994,-0.06012533513654594,-0.02560662727172147,-0.0025700299746501676
2023-11-30,0.09134391620548099,0.09081631809437818,0.05469784127443367,0.11378021625330237
2023-12-31,0.0456554060837544,0.12419291700527157,-0.009277767605251785,0.013582576392285883
2024-01-31,0.015926483320106266,-0.046288435513069826,0.07592661440647697,-0.0422272495399566
2024-02-29,0.05218679623525335,0.03280674706753062,0.06686820324990661,-0.018543245488840232
2024-03-31,0.0327020300782801,0.041773606526730234,0.02716168852703782,-0.0512863795324191
2024-04-30,-0.04031979775590411,-0.06152011923699641,-0.056572763837322126,-0.006706174615466742
2024-05-31,0.050579963106030856,0.04589373039174238,0.04453906289122456,0.13022217066322828
2024-06-30,0.03528000162046929,-0.01862876906298494,-0.01833978333844788,0.09555261688635097
2024-07-31,0.012109260717513948,0.1241629192042415,0.07792530274893772,0.05441094384377343
2024-08-31,0.023365191650246198,-0.020326020362887554,0.08533640462425174,0.03235348404768357
2024-09-30,0.021004937213647823,-0.00028138938277011416,-0.03290469663026108,0.01746716088691147
2024-10-31,-0.008923712839176146,-0.01474636237794047,-0.020292869551379766,-0.03042914742454561
2024-11-30,0.0596334793654385,0.09716477583565863,0.07118773758105079,0.05170702151471529
2024-12-31,-0.02406012170171823,-0.08511673330483371,-0.06157093062567476,0.05515523002797629
2025-01-31,0.02685634966868511,0.020101077276510004,0.033952556234299935,-0.05758329274912943
2025-02-28,-0.012694926631094283,-0.03803654386690891,0.09635778344729262,0.025872506946242657
2025-03-31,-0.0557191124190074,-0.05978482052849343,0.03649066690613667,-0.08150021920555539
2025-04-30,-0.008670067254165859,-0.04093251321603186,0.0012579948339352942,-0.0433530204439031
2025-05-31,0.0628449014337158,0.04164346614121084,-0.054927348419919086,-0.053583975164119724
2025-06-30,0.05138624036504047,0.05067640231969839,-0.03609413991155619,0.0215084512154764
2025-07-31,0.023031464526309886,0.01667098705906689,-0.028593746927557562,0.011697776016121653
2025-08-31,0.0205194448778121,0.08529226984349614,0.06590659867276871,0.11963882968668882
2025-09-30,0.035620461449873186,0.020471544968663657,-0.0004771973969351917,0.09688125410892989
2025-10-31,0.023837409863407766,0.0018099378453819703,-0.05012527783537768,0.06181516967143552
2025-11-30,0.0019499627157142374,0.02879235234164712,0.07595172836761388,0.03236421756367314
2025-12-31,0.000797497263286262,0.00011394220279625777,-0.02172009831481858,-0.02506728904622013
2026-01-31,0.014737793329742122,0.06991893327533916,-0.04400675497022466,-0.04553807543927224
2026-02-28,-0.008641994294614319,0.018929256309235143,0.050818915551098076,0.01906572982560406
2026-03-31,-0.049379608638833394,-0.03764400468254481,-0.05099514680166484,-0.03932924356014633
2026-04-30,0.10505274506872397,0.09578560902876387,-0.011686156011816218,0.06919117987186696
2026-05-31,0.05262574755586291,0.029458439743145215,0.0018581183941541735,0.15108715221843583
2026-06-30,-0.010292580956815511,0.03800526375271862,0.05460715533252669,-0.07274245453871875
2026-07-31,0.00034822442006920973,0.00018091021804034213,0.02228260670692661,0.06756296301144094
