train_start,train_end,test_start,test_end,lookback,skip,vol_target,train_obj,test_obj
2005-01-01,2009-12-31,2010-01-01,2010-12-31,126,0,0.12,0.5505893692960219,0.06476205288217576
2006-01-01,2010-12-31,2011-01-01,2011-12-31,126,0,0.12,0.6544324077906282,0.46887752662634347
2007-01-01,2011-12-31,2012-01-01,2012-12-31,63,0,0.12,0.6390976439994703,-1.1731972993394792
2008-01-01,2012-12-31,2013-01-01,2013-12-31,252,21,0.12,0.5968045431359097,1.5144629415450528
2009-01-01,2013-12-31,2014-01-01,2014-12-31,252,21,0.08,0.796870881177655,0.7960254399628885
2010-01-01,2014-12-31,2015-01-01,2015-12-31,252,21,0.08,0.9319484788704859,0.7780990539920652
2011-01-01,2015-12-31,2016-01-01,2016-12-31,252,21,0.08,0.9187155256454931,-1.1204108630538228
2012-01-01,2016-12-31,2017-01-01,2017-12-31,252,21,0.08,0.6058646605571556,1.8813230372791492
2013-01-01,2017-12-31,2018-01-01,2018-12-31,252,21,0.08,0.7526959083170993,-1.165698297486698
2014-01-01,2018-12-31,2019-01-01,2019-12-31,63,21,0.12,0.3401411967395503,0.6787954293046943
2015-01-01,2019-12-31,2020-01-01,2020-12-31,63,21,0.12,0.2867990581550502,-1.241481508524124
2016-01-01,2020-12-31,2021-01-01,2021-12-31,63,0,0.12,0.17321341330696274,0.6097593119289457
2017-01-01,2021-12-31,2022-01-01,2022-12-31,63,0,0.12,0.2993366618860354,0.45897391065469484
2018-01-01,2022-12-31,2023-01-01,2023-12-31,63,0,0.12,0.14000806920722506,-1.3434252454681956
2019-01-01,2023-12-31,2024-01-01,2024-12-31,126,21,0.08,0.30542446283704217,-0.04426843332927672
2020-01-01,2024-12-31,2025-01-01,2025-08-29,126,21,0.08,0.18585040084090487,-0.45480375958224645
