lookback,skip,vol_target,objective,total_return,cagr,ann_vol,sharpe,max_drawdown,turnover,trades
63,0,0.08,0.03221856568750385,0.23325839489068967,0.013483873309603434,0.04433838012195726,0.03221856568750385,-0.1322746200081223,2.8777937296059397,1485
63,0,0.12,0.044901188259890444,0.23998818106219022,0.013836280814590207,0.06559151421719078,0.044901188259890444,-0.19134122946961252,4.272353128328012,1492
63,21,0.08,0.041328615045693864,0.24088991361873235,0.013883364250480534,0.046399128832008585,0.041328615045693864,-0.1339828633340695,3.2915802294346483,1599
63,21,0.12,0.04915807834453541,0.24407313311953804,0.014049318476973882,0.06913848585438183,0.04915807834453541,-0.2003289651346002,4.892440335406823,1603
126,0,0.08,0.11895108848360023,0.31112909343285144,0.017455888060085023,0.045301340292749175,0.11895108848360023,-0.11013802772099546,2.3093679083265184,1389
126,0,0.12,0.12676315662823076,0.35073948687337975,0.019392314629721463,0.06734907632995847,0.12676315662823076,-0.1643010909231304,3.420224422335703,1381
126,21,0.08,0.24562395685496544,0.4363577067574993,0.0234024850469412,0.04578004694298361,0.24562395685496544,-0.11635030609651131,2.42034135115821,1423
126,21,0.12,0.25688407253016443,0.5529614733525601,0.028518222752968336,0.06819474844912958,0.25688407253016443,-0.1731476697082146,3.593957989301099,1428
252,0,0.08,0.35970098964374525,0.5478208819265149,0.028300388541655064,0.04438878571383301,0.35970098964374525,-0.1041782758076879,1.7721178590900457,1303
252,0,0.12,0.3650612338150312,0.7246376418734422,0.035430752990527115,0.06595742590697865,0.3650612338150312,-0.15547018750114738,2.6257895010885357,1310
252,21,0.08,0.3260277375980711,0.5273477193007314,0.02742605807395382,0.046684091335871085,0.3260277375980711,-0.13060790089463858,1.7977646802232814,1317
252,21,0.12,0.32882549198107414,0.6861656686182318,0.03393956553999877,0.06959615829855868,0.32882549198107414,-0.1941479344791508,2.6687027860935704,1318
