train_start,train_end,test_start,test_end,short,long,train_obj,test_obj
2000-01-01,2004-12-31,2005-01-01,2005-12-31,50,250,0.4788664005424173,0.2726793028786646
2001-01-01,2005-12-31,2006-01-01,2006-12-31,50,250,0.784636691193572,0.8437794419931567
2002-01-01,2006-12-31,2007-01-01,2007-12-31,50,250,0.9071246637965124,0.12267976757127727
2003-01-01,2007-12-31,2008-01-01,2008-12-31,50,250,0.7502420210634089,-0.9341842203945364
2004-01-01,2008-12-31,2009-01-01,2009-12-31,50,200,0.36939957310185567,1.6145560038646711
2005-01-01,2009-12-31,2010-01-01,2010-12-31,50,200,0.5897024632888198,0.21041902316969932
2006-01-01,2010-12-31,2011-01-01,2011-12-31,10,150,0.6114680613427234,-0.7880493794193489
2007-01-01,2011-12-31,2012-01-01,2012-12-31,50,100,0.41951623936253873,0.672351413351803
2008-01-01,2012-12-31,2013-01-01,2013-12-31,10,200,0.6020590000138053,2.412176549240229
2009-01-01,2013-12-31,2014-01-01,2014-12-31,50,100,1.1424131105914366,1.2491710931513007
2010-01-01,2014-12-31,2015-01-01,2015-12-31,50,100,0.9827108563774923,-0.7314761192107231
2011-01-01,2015-12-31,2016-01-01,2016-12-31,50,150,0.8703162665195197,0.2260351503216354
2012-01-01,2016-12-31,2017-01-01,2017-12-31,100,150,1.0290592675578667,2.8316075351585144
2013-01-01,2017-12-31,2018-01-01,2018-12-31,100,150,1.3715044472307063,-0.5391612103424296
2014-01-01,2018-12-31,2019-01-01,2019-12-31,20,200,0.6927164920458925,1.3071428057030723
2015-01-01,2019-12-31,2020-01-01,2020-12-31,20,50,0.8783444658221413,1.177529850841182
2016-01-01,2020-12-31,2021-01-01,2021-12-31,20,50,1.10386435913386,1.7719876683582796
2017-01-01,2021-12-31,2022-01-01,2022-12-31,10,100,1.2071672434615566,-2.4254190376343154
2018-01-01,2022-12-31,2023-01-01,2023-12-31,10,100,0.5260297754521247,0.9314813378719389
2019-01-01,2023-12-31,2024-01-01,2024-12-31,10,100,0.7082016613328356,1.5157248837972808
2020-01-01,2024-12-31,2025-01-01,2025-08-29,10,100,0.7560979628317338,0.8105235849376212
