short,long,objective,total_return,cagr,ann_vol,sharpe,max_drawdown,turnover,trades
10,50,0.43514700160115183,2.419884690668617,0.06133659100914213,0.11336933836786152,0.43514700160115183,-0.27262225401314744,3.17545209696037,65
10,100,0.6457392172648492,4.655557157637849,0.08750095821401493,0.1143360910242577,0.6457392172648492,-0.2134767617247707,1.6240861869949987,33
10,150,0.5657497120375126,3.876770931409064,0.07972859672915078,0.11873327432355556,0.5657497120375126,-0.2406061848765375,1.6240861869949987,33
10,200,0.6756256162832117,5.460533926064731,0.09452978897577746,0.11980120960890694,0.6756256162832117,-0.19393156428996505,0.9453636013851501,19
10,250,0.5323219595720803,3.7165447562911575,0.07798373410583337,0.12446627246622688,0.5323219595720803,-0.20816948021442894,0.896883416698731,18
20,50,0.42986809552089283,2.4729118903827665,0.06212748699653692,0.11767916979296063,0.42986809552089283,-0.27388175927327474,2.593689880723355,53
20,100,0.465340448619999,2.8695650086502686,0.06770316966939105,0.12077563301419321,0.465340448619999,-0.2688281152471179,1.3332050788764924,27
20,150,0.4961790503980552,3.3337279156290105,0.07357510180833438,0.12557483803158268,0.4961790503980552,-0.33338519242696296,1.0423239707579837,21
20,200,0.6237290511442524,5.193965396578769,0.09229927206725508,0.1282216050123231,0.6237290511442524,-0.3204159788376356,0.7999230473258956,16
20,250,0.43890757240016176,2.928961702410766,0.0684908707818872,0.1335101305904546,0.43890757240016176,-0.33851911957480474,0.6544824932666418,13
50,100,0.4637582039535737,3.0629546651712554,0.0702270231613431,0.12837713758129066,0.4637582039535737,-0.3408961001019616,0.9938437860715665,20
50,150,0.5994406540004894,5.041924213694299,0.09098579918764726,0.13224836842867937,0.5994406540004894,-0.3371726113109915,0.7514428626394782,15
50,200,0.5391623615552222,4.37740317386736,0.08484893390083825,0.1379712626434917,0.5391623615552222,-0.3371726113109915,0.5090419392073874,10
50,250,0.5739085913420946,5.028168538881262,0.09086541781611457,0.1396913533533111,0.5739085913420946,-0.3371726113109913,0.4605617545209706,9
100,150,0.5137939376922936,4.0699565447834365,0.08176125759533792,0.1396659994134202,0.5137939376922936,-0.33717261131099163,0.7514428626394768,15
100,200,0.5183253957007625,4.28662838356989,0.0839551401940144,0.1433877616196702,0.5183253957007625,-0.3371726113109915,0.4120815698345523,8
100,250,0.551518843229182,4.947149526163947,0.09015103974097594,0.14573065358139425,0.551518843229182,-0.33717261131099174,0.363601385148135,7
