train_start,train_end,test_start,test_end,formation,entry_z,exit_z,train_obj,test_obj
2005-01-01,2009-12-31,2010-01-01,2010-12-31,126,1.5,0.25,0.1370855634772807,-0.9327529310971027
2006-01-01,2010-12-31,2011-01-01,2011-12-31,252,1.5,0.5,0.26742689045640605,0.06255733611325111
2007-01-01,2011-12-31,2012-01-01,2012-12-31,252,1.5,0.5,0.3380373853684304,0.5807722248592521
2008-01-01,2012-12-31,2013-01-01,2013-12-31,252,1.5,0.5,0.7902978176537944,-0.5051373885845964
2009-01-01,2013-12-31,2014-01-01,2014-12-31,252,1.5,0.5,0.5823635495187898,0.5504289461559665
2010-01-01,2014-12-31,2015-01-01,2015-12-31,252,2.0,0.25,0.601775214717112,0.2811051404453598
2011-01-01,2015-12-31,2016-01-01,2016-12-31,252,2.0,0.25,0.3060837936316614,-0.8233977994642453
2012-01-01,2016-12-31,2017-01-01,2017-12-31,252,2.0,0.25,0.18052625211277715,-2.2253649961298003
2013-01-01,2017-12-31,2018-01-01,2018-12-31,252,2.0,0.25,-0.29679324087368114,-0.7429170435214124
2014-01-01,2018-12-31,2019-01-01,2019-12-31,252,2.0,0.25,-0.3061615176030564,-0.9811533897696875
2015-01-01,2019-12-31,2020-01-01,2020-12-31,252,2.0,0.25,-0.791886789588723,1.4037529648832516
2016-01-01,2020-12-31,2021-01-01,2021-12-31,252,2.0,0.5,0.25276637207078145,-0.928238793440313
2017-01-01,2021-12-31,2022-01-01,2022-12-31,252,2.0,0.5,0.2856299831434372,-1.1546695199017496
2018-01-01,2022-12-31,2023-01-01,2023-12-31,252,2.0,0.5,0.12045111539361586,0.6543804966774256
2019-01-01,2023-12-31,2024-01-01,2024-12-31,126,1.5,0.5,0.1948121034298152,-1.4521507206020154
2020-01-01,2024-12-31,2025-01-01,2025-08-29,126,1.5,0.5,0.03465915972340535,0.1133849467277372
