,alpha,Mkt-RF,SMB,HML,RMW,CMA,R2
2007-12-31,0.011198579463913817,0.1297810204489443,0.044996613766145915,-0.7968758743273285,-0.13416145195787965,0.28099515643829986,0.15091276178389534
2008-01-31,0.01011314117217974,0.20347363652452627,-0.01396419214066785,-0.8623894902699285,-0.3923507522537901,0.4025338357848146,0.22877930233305588
2008-02-29,0.010674059090530617,0.13555012606028063,0.0264531224917657,-0.919776019607058,-0.3771375294027368,0.3669688942754683,0.22500874972693974
2008-03-31,0.010842141702616978,0.1569313762951459,-0.09437915625886567,-0.7774291196466661,-0.5755264173699712,0.3711181874477709,0.20503418570763965
2008-04-30,0.011478096946815841,0.11490713032517882,-0.14455126244616273,-0.7568366362554517,-0.6550330230429452,0.35345747080858514,0.20176255813305777
2008-05-31,0.012065489307581063,0.1359209797664277,-0.14155845770210232,-0.7362419790131162,-0.7384265586282835,0.3648398610438499,0.21075596067121583
2008-06-30,0.011730359481877013,0.3248255170229679,-0.39876394643202884,-0.4881527122105026,-1.3023085621015187,0.3415456829121952,0.3407857980960354
2008-07-31,0.01132010442890071,0.37999188200842826,-0.42708314248385515,-0.6564987403918575,-1.244484121786575,0.37327251614229895,0.3722129944316973
2008-08-31,0.013560842244171253,0.38412841836853123,-0.3662722527706601,-0.587086214152755,-1.257644782676266,0.41373171325321606,0.3630033570550212
2008-09-30,0.01845000336288717,-0.005422178892458662,-0.29528769301095625,-0.004552786836771933,-1.2709222128703068,0.23493699916428135,0.12963248067468236
2008-10-31,0.016068098635586028,0.34070275899173263,-0.2957389830156383,0.2753460996000026,-1.0859005273933522,0.08774044311687257,0.21806680264099343
2008-11-30,0.01576910081157835,0.3222612394504929,-0.2946264286336896,0.37239167264781087,-1.1743783267597,-0.04305743848899096,0.27232879215068806
2008-12-31,0.013841912857525465,0.3510074854253541,-0.47218305828967144,0.3818018948187589,-1.1771815712424896,0.21634977631331864,0.2536774727708534
2009-01-31,0.013864411264815989,0.3720621233579753,-0.42799424652701845,0.42958552113065473,-1.1288125853687112,0.2348306618127472,0.2863491859804127
2009-02-28,0.014370264008310946,0.4986056376666941,-0.5030355019428945,0.5062829023588367,-1.0697782104025686,0.5293417664081587,0.3661019115056888
2009-03-31,0.013724651298185203,0.503385904887753,-0.6115986837275829,0.526508678028283,-1.0975781367874216,0.507923267993666,0.4141452353752031
2009-04-30,0.015162286108048798,0.571562332954566,-0.5015121756466284,0.568000961886558,-0.8457917457679867,0.5309142839996406,0.4445061305315696
2009-05-31,0.011446560121070665,0.5370532966820502,-0.27297695340644546,0.47165749136277013,-0.7588675074942008,0.7324371127258205,0.40352177109190857
2009-06-30,0.010759565486978134,0.5493485535444681,-0.33244421742782115,0.5134637502235737,-0.6600607772086486,0.7055039158366572,0.4027570895986634
2009-07-31,0.012033702557380881,0.5692896981749366,-0.4534533035321253,0.5701245310624073,-0.614094486220863,0.7476378119968837,0.4464483357222556
2009-08-31,0.006847900457392328,0.5754518921724661,-0.3259025435411109,0.5053262845781025,-0.23997357647676543,0.3681602471550521,0.4173592397450512
2009-09-30,0.00763507284856915,0.5938018387963763,-0.40402207469723295,0.511857167107095,-0.22528462163651009,0.40003267754198846,0.4241937814684327
2009-10-31,0.005100741566566783,0.5691605133458533,-0.5258957971356071,0.6039337057343995,-0.1305978030025423,0.24234981244466386,0.43489731995112646
2009-11-30,0.004518294765066868,0.5374687216975809,-0.4648062732787115,0.6064463814476001,-0.1633045974093872,0.20277842181318473,0.4325217572627178
2009-12-31,0.004727413786413327,0.5382351664040307,-0.5011739833148623,0.6176408551999182,-0.17940658833599632,0.22179925082554516,0.43047298703612835
2010-01-31,0.012812106560285075,0.4308370753879664,-0.47558287316473546,0.6179329686591254,-0.6489602992638508,0.326537980970779,0.36360382555449566
2010-02-28,0.014426451862849486,0.4025275093896437,-0.44275739840722683,0.6289439506814585,-0.7240939281474978,0.26160615548022376,0.3741969493121703
2010-03-31,0.012511975587287841,0.37006300373196743,-0.44214764218051694,0.6612460265026271,-0.700913055276625,0.1425313761214114,0.3676320034341868
2010-04-30,0.012078311485125394,0.4032000213877434,-0.6058623287314007,0.6536246505400465,-0.6967481387412002,0.1299839392938945,0.35955358872567844
2010-05-31,0.01138986097913104,0.4424236412841087,-0.6371525964196816,0.655675375567514,-0.6491000198254442,0.1493822153349863,0.3787532541695191
2010-06-30,0.017338241752044105,0.3596932126643407,-0.6828680782566017,0.6020522381114801,-0.9575956165064461,-0.07805353210069871,0.31429985458766607
2010-07-31,0.01606608149786535,0.2888947995686185,-0.6393917838967956,0.6882089695281899,-0.9771512264178539,-0.34048328244289955,0.3039500075404157
2010-08-31,0.013635809236067314,0.2898744982832261,-0.630022036871313,0.7249113620050714,-0.8425178689618604,-0.34745039069158357,0.30120966141414074
2010-09-30,0.015888809816765846,0.3491900602799704,-0.610477570066261,0.629126038019302,-0.8694660277836783,-0.3338899775393108,0.30135656711904013
2010-10-31,0.011129924215224333,0.29646713622185955,-0.5846376501668749,0.7768613121295707,-0.7434997992032137,-0.4737645290565478,0.32046817670373584
2010-11-30,0.009252583146949146,0.300301124009934,-0.4581981796472048,0.7055640870159685,-0.8079744694635378,-0.3514739312620089,0.32903776849554855
2010-12-31,0.006387877339260498,0.2861273550239,-0.40041031178851605,0.7343477626664193,-0.605442926147354,-0.5582111950923285,0.3136336876356458
2011-01-31,0.007133807980830775,0.2633540514640912,-0.42249591408352494,0.7987233761254264,-0.5369789357762134,-0.5227176807679004,0.31856338253577876
2011-02-28,0.007428059183355348,0.26993727297277514,-0.405472257414228,0.7658779196465233,-0.6315989985340753,-0.44065630475367684,0.3289051006310896
2011-03-31,0.008388962599740821,0.26305724092871685,-0.42312219409790286,0.7866317700654439,-0.6333752032988165,-0.44093663946986733,0.3365571637892817
2011-04-30,0.00942858492583647,0.28106737320548353,-0.4549258222196403,0.8117721754733639,-0.5768575778652518,-0.5488205483027161,0.340076880066263
2011-05-31,0.007625534724825042,0.273348358920996,-0.46595985272596807,0.8086028903878075,-0.6394820394195586,-0.4493863785430614,0.3442584917970025
2011-06-30,0.007597365429744358,0.25464342096092074,-0.41640527497821234,0.8195667585621405,-0.4980832840346856,-0.46568603336757497,0.31059275610176995
2011-07-31,0.010292437989805371,0.16026062524602258,-0.28190254424775996,0.9043295254707188,-0.7530310645439737,-0.47232397431101014,0.34899391351361
2011-08-31,0.010477239972141863,0.16178682178133857,-0.3260093279805302,0.9061521004491593,-0.7384923908798215,-0.47329664783733016,0.3485067325398471
2011-09-30,0.005284125723209488,0.3753861337331548,-0.39489688025960656,0.48608032504314785,-0.9539187785661487,-0.43055278398665664,0.389003757981354
2011-10-31,0.008323652335126214,0.3152542458182105,-0.36870762253443323,0.5147889042403734,-1.0168650090304672,-0.4086676484882955,0.36568356494674803
2011-11-30,0.008820015054274407,0.31996771724029505,-0.3824253041153036,0.5093896764655622,-0.9505994379253266,-0.32178701261053677,0.32163695749572097
2011-12-31,0.0120719818465423,0.26228868632642754,-0.18050290274380498,0.5954419159467299,-1.079571757767727,-0.8326691370675783,0.3514520926370792
2012-01-31,0.011339646855038027,0.2609708940928146,-0.1955817931201812,0.5744147893466489,-1.0316154261440715,-0.7444386803368253,0.32001057923394105
2012-02-29,0.015829887754957347,0.10252216495932542,-0.04007706081921103,0.3005549608395182,-1.289451727619318,-0.5622379956418957,0.25786172527512696
2012-03-31,0.014923614119317294,0.09347055915401836,-0.028779777611739443,0.22381648907836144,-1.2411197039669895,-0.3753372576975025,0.2104978027296105
2012-04-30,0.013763761269951692,0.03176218753296067,-0.2878919275150207,-0.25194081046458516,-1.7246931033211326,0.22138844773880834,0.2568618715010147
2012-05-31,0.017960296420213486,0.08000382009357143,-0.414482308100635,-0.07489981105936572,-1.8073833773774877,-0.2301217148164555,0.3039033608090631
2012-06-30,0.021607808709145426,0.023851786242407136,-0.3181786115871226,-0.2905413585642712,-2.1503724946078626,-0.1820546299762995,0.3564062189387478
2012-07-31,0.02192784472455105,-0.06628765288089455,-0.32796048819367163,-0.5549252384287569,-2.5056655457360986,-0.3586681127307922,0.43160983309396095
2012-08-31,0.018371003373115376,-0.04393708371929739,-0.3292421699753001,-0.6781587223580692,-2.3765209719838967,-0.08825579117700631,0.39535553074717045
2012-09-30,0.01798405178231493,-0.06720053114087987,-0.390422058739469,-0.7828045047066744,-2.5486549370495437,0.020053210890084994,0.42309696092107674
2012-10-31,0.01546060641815009,-0.04251002319589858,-0.2866079462511654,-0.8715449102555928,-2.5470847745980247,-0.059915858680252426,0.40839754631658154
2012-11-30,0.0154020185409571,-0.0886958884842769,-0.210618399326497,-0.898002074243351,-2.62347133544219,-0.03742256000213123,0.4132727712913926
2012-12-31,0.01520259358885869,-0.08546071350548745,-0.20366172593203719,-0.9138673177163092,-2.610848983390566,-0.028732680852660758,0.4078709299127694
2013-01-31,0.008787858799823568,0.1692301482121823,-0.4296077744458041,-0.8814425493536008,-2.1045954728134038,0.060931709508696474,0.4830371288187666
2013-02-28,0.0077162165127869775,0.14985215437320232,-0.4799179025229409,-1.1333342366392694,-2.308583427741031,0.161675216929064,0.5346831269234935
2013-03-31,0.007563405692589934,0.14643428586406693,-0.4845056500019916,-1.1713701966824295,-2.324397024563358,0.1832436973987514,0.5361857769732504
2013-04-30,0.0073828786751941045,0.1654640753983765,-0.5716808339976109,-1.2035070558382703,-2.3506073799632166,0.19778800053833295,0.5094152256842293
2013-05-31,0.016525609110994918,-0.12752324228992906,-0.14652875900228457,-1.1899791800198738,-2.6934985967738303,-0.05852127498886908,0.5573496687557917
2013-06-30,0.00954391313818596,0.14958933211607484,-0.12843088809910985,-0.42651186224887994,-1.662476612184422,-0.10684473175183934,0.5024221354725736
2013-07-31,0.008581244812900221,0.24807294032184002,-0.21612813084559646,-0.44961766701284,-1.521240838680276,0.0608931417594496,0.535038908987338
2013-08-31,0.004638983867086277,0.3713543446533887,-0.18854232199249954,-0.18113466279211776,-1.1117152166646296,0.20350577013961269,0.5393880139634293
2013-09-30,0.004876022688472252,0.35112255102945733,-0.20016136567791198,-0.1327381514564805,-1.123722441621089,0.1642842664888189,0.5274303567719885
2013-10-31,0.004480882279480378,0.4867463562997705,-0.19545574891802267,-0.168580844711411,-0.8163234466409253,0.2147628318736305,0.548764579094945
2013-11-30,0.004485491210547216,0.48416337467876747,-0.18820864614803867,-0.1777175443729675,-0.8198402587742568,0.22701152997411345,0.5478737976009761
2013-12-31,0.005244683578684465,0.5079092823103191,-0.2343383399941099,-0.1826142973621594,-1.0203852202414532,0.5564673091826777,0.647241746496128
2014-01-31,0.0008571682412415078,0.6734892458756864,-0.1712751784469726,0.16959001873991597,-0.3648103537198244,0.5855445922949554,0.620286793702022
2014-02-28,6.933369255905132e-05,0.6880595166914663,-0.22344378497891781,0.16272316601180448,-0.3177504132193081,0.5223954001680258,0.62191910766896
2014-03-31,0.0023715958368714964,0.6534798598545615,0.0264874014915788,0.5104939061327374,0.047192681563737904,0.4475004600302507,0.6115368929324168
2014-04-30,0.002698581565221757,0.6839784475800752,-0.06445750702341868,0.5062969243347132,0.08549420848915579,0.42708570615693797,0.6090840771766388
2014-05-31,0.0034713661913506194,0.6698286977779924,0.028485871293367215,0.47898574039142644,0.18649278972834726,0.382440066043528,0.5944383121181658
2014-06-30,0.003032965922384563,0.6732945839487987,-0.006204678538146324,0.4960904665574569,0.22455348941097086,0.3955426076109151,0.5839773700404851
2014-07-31,0.004407211996470234,0.6534855422512675,0.05593367797078286,0.5759936104686105,0.3762652566123298,0.18575196057791,0.5760628657699728
2014-08-31,0.004392498280650272,0.7323201500811198,0.004136871539648701,0.5417728700834785,0.2880142754119508,0.1740347835451701,0.5390525262444341
2014-09-30,0.0032677616968553105,0.7857573386559646,-0.04052911872556031,0.5402147452846652,0.26715892080786113,0.16505171250457568,0.5265704798671331
2014-10-31,0.0036772070676822158,0.7427405591508955,-0.03654399707817357,0.5511679036347356,0.27590121411796686,0.1616458788576739,0.4601429320612398
2014-11-30,0.003839792920403217,0.8152070425819462,-0.14260218542562464,0.31284480221197225,0.27221761366200503,0.3050489463491326,0.4386911146517338
2014-12-31,0.005251798029805809,0.8077400533516974,-0.07938079607480486,0.2868738877357756,0.32563064370134576,0.6144679500402206,0.4984519136926202
2015-01-31,0.0047926997445036715,0.8160962579032455,-0.0861613449153586,0.2977002634422502,0.3084262273612989,0.6432123700307091,0.5384298351095043
2015-02-28,0.004981182782109402,0.8520374402917201,-0.1849049431680624,0.3128884866046038,0.25167622666308637,0.6517057962016521,0.5749230636967488
2015-03-31,0.0047849090279540735,0.8621570455269846,-0.21236353545534142,0.30864735689756045,0.22695231912753167,0.6710291596762967,0.5862745686336996
2015-04-30,0.00411934384760488,0.8653238190410073,-0.1014455117888231,0.17147188407312702,0.2730053063115931,0.8722615387354206,0.5697693949093423
2015-05-31,0.0032043256200374286,0.9101613978671755,-0.1467649358855594,0.21163707503394982,0.21485069839088677,0.742151796546719,0.563166922405548
2015-06-30,0.002037149471886216,0.9299465419251871,-0.21403550730244367,0.1922576161184924,0.15304649309411253,0.7977055354618157,0.585315930136381
2015-07-31,0.0024226884260836468,0.9699950107561096,-0.3827434528848893,0.11274526813059943,0.06725444121147259,0.6538951876056639,0.5602172469878359
2015-08-31,0.001818272142815441,1.0258684780439549,-0.4209613408833516,0.17405207748921064,0.0141411177710421,0.505895258735526,0.614817195611004
2015-09-30,0.0013388899615987913,1.0308636023952595,-0.41125041277020347,0.16559503524140995,0.018896104876869657,0.49635523914956226,0.6185634081485528
2015-10-31,0.0028785638686922455,0.8861321213304219,-0.4172122218170939,0.1945524066154124,-0.18684764080850386,0.6521742825636715,0.6001554990132189
2015-11-30,0.002276765365506913,0.8941336039732277,-0.4298254905837519,0.22556415224707077,-0.1742177257559106,0.595498737921998,0.6064402082722444
2015-12-31,0.002107683167569258,0.9002113493329886,-0.42286151717213805,0.25377750850212977,-0.1674425050002808,0.5621361250303671,0.6111900671339728
2016-01-31,0.0015610243633386494,0.883353048601722,-0.3983428961001514,0.27393112188317037,-0.06798150053905488,0.4351848575715227,0.5855170450119906
2016-02-29,0.0010923413557112401,0.8784300177117996,-0.28588511978671266,0.21297372418616015,0.1750567858298558,0.4335031755398141,0.5877839671075864
2016-03-31,0.0017538761230034526,0.8860464967495318,-0.27891331286005616,0.1451989728902234,0.12593155626554164,0.5988287107154403,0.6139168398077155
2016-04-30,0.0022304296099862073,0.8871464487849788,-0.2952261368523809,0.1485239652766942,0.07628040990000184,0.6500804111540427,0.6148426617027343
2016-05-31,0.00018099185636296766,0.8692832816287182,-0.26858068481522884,-0.2071862945002422,0.12479176056182911,1.179816033858939,0.6612084484301894
2016-06-30,0.00043619935867788596,0.8662822373879704,-0.260414050257325,-0.2243856646300394,0.12442138720909646,1.2095712700875558,0.6602140922406006
2016-07-31,0.0005696491001184805,0.8728227585042249,-0.3088863340014636,-0.2386312884317215,0.004262243110939146,1.3271314160951162,0.6514932730919389
2016-08-31,0.002342627507264516,0.8672825043770447,-0.30824677071457246,-0.03305674932818292,-0.07403730718788093,1.1884100636229595,0.5902382771845862
2016-09-30,0.0006418545523246407,0.8706915738899768,-0.33258129354401916,0.05892515257037939,0.05159718328044849,1.0336802582623847,0.5804108947765048
2016-10-31,0.0012021789930899375,0.9256149344002288,-0.32307069537267974,0.08760043672173992,0.1706746792689945,1.0421797277536937,0.616428341555655
2016-11-30,0.002005978602056229,0.9515790758641167,-0.2687670490516756,0.14073849189714893,0.20244412634093223,1.0782327814160333,0.6630992481946776
2016-12-31,0.002497084762840227,0.9623807890016062,-0.27204557314646927,0.17337868027030345,0.21931705108186206,1.035483190455979,0.6668704050788841
2017-01-31,0.0024428028030769617,0.9622138930485873,-0.2707935883546303,0.17553180078585212,0.22277521707139963,1.033711329287868,0.6364992712578368
2017-02-28,0.0027855863242983257,0.9853174172677742,-0.28947245642760755,0.18628530021294637,0.23871572922591067,0.9794599406130466,0.6315460896027756
2017-03-31,0.0015766012904483264,0.9778798608403285,-0.29113631831787856,0.1218705734895972,0.13592204747385903,0.992806119634724,0.6328176177071061
2017-04-30,0.0014452974699652402,0.9760142218783484,-0.29178063063771764,0.11535078283857214,0.10281091349481983,1.008393864049899,0.6312983262289908
2017-05-31,0.0019126659215671967,0.9865295324481106,-0.3156466346284009,0.1348694884571634,0.09090293828012182,0.9823945649464649,0.6401581989047918
2017-06-30,0.003040828302721065,0.9761458655224793,-0.29497813238769105,0.14178204099499736,0.009454852881311183,0.956685739174546,0.6327568527258305
2017-07-31,0.0036277158760441366,0.975927122019396,-0.327166259879723,0.14025755306569312,-0.018536548322506702,0.9889777850933595,0.6353434389368294
2017-08-31,0.0034857409473506053,0.8977037280373505,-0.3186821232792734,0.1783808957913646,0.05290705911303578,0.8007845867138714,0.6066176340747136
2017-09-30,0.0024175026665780863,0.9028712735063514,-0.3168627630690092,0.17978423908327212,0.07510366325062433,0.7634742616520062,0.6061590622546927
2017-10-31,0.002408736721783206,0.9059799426178787,-0.3256153680597982,0.22210443688692885,0.10617428922353364,0.6767412359590923,0.6040512024510358
2017-11-30,0.0013895813351410156,0.8693065056717092,-0.2955839618127161,0.29889476752274796,0.08264895375245239,0.5478560805882533,0.6121348175862497
2017-12-31,0.0011851491023345349,0.8742067523553146,-0.30356728323591686,0.2953604346873553,0.09095618324077069,0.5510578732737679,0.6165039764861654
2018-01-31,0.0016084755152992632,0.9241677133347974,-0.3713397106573351,0.28987847498656794,0.028260624747465588,0.5901039029155757,0.6191292189436712
2018-02-28,0.0023372753150327392,0.9235013224620142,-0.3502256325835783,0.2884847749909394,0.027698088371083465,0.5177419401472829,0.6373809608306031
2018-03-31,0.002024450880571127,0.9327025861765526,-0.367028845791564,0.2960285481934043,0.025810387488538464,0.519572595810325,0.6475846832590759
2018-04-30,0.001523735764730378,0.9412446173122817,-0.43593778556639357,0.43584300729146935,0.13192009549099237,0.33506088184903016,0.6669487523485029
2018-05-31,0.001234393503737342,0.9416151257765797,-0.4286156247349446,0.4367147982160041,0.15502128896275114,0.3329845152181433,0.6729143822233373
2018-06-30,0.0010523174670232574,0.9267167381449652,-0.41279318592187786,0.4789554437058195,0.16277379726649296,0.24833790846285334,0.6543963541878759
2018-07-31,0.00017249338880608034,0.927421649713705,-0.3467662675859528,0.526071521545028,0.22802305406786638,0.28332141206045774,0.6958778076245269
2018-08-31,0.0023732312972082996,0.8940326662520562,-0.2988166681210866,0.49136402659761225,0.24517144160549476,0.19814648011135821,0.6297884963418792
2018-09-30,0.0038136743059550976,0.8646447078304949,-0.33604160639343084,0.4885212419495375,0.25482595913792566,0.2273743022056913,0.6178171116071983
2018-10-31,0.0025327718411994916,1.0507403010522651,-0.38817236778247627,0.43631244602802904,0.2580228758067612,0.32839067909041386,0.6736229846425377
2018-11-30,0.0033057481372945324,1.0776371991739018,-0.4279891298899418,0.4336445110984568,0.2086867454033498,0.3734207243596967,0.657990670792569
2018-12-31,0.004680089814952456,0.9959279620747139,-0.4208255996626413,0.4181992974898342,0.1847542412571519,0.3499636467198891,0.6838774232654621
2019-01-31,0.004346008974650928,0.8922704445329139,-0.4499105449956374,0.4177082875781549,0.22588447332864178,0.410125682718216,0.6148405854726287
2019-02-28,0.0028990546364367036,0.8899184177654447,-0.5204761755382299,0.4928896476826824,0.07106438907920026,0.33076569770746667,0.6141172545851697
2019-03-31,0.002755791879367347,0.8994438478058221,-0.5078117823137013,0.5198116284034133,0.08154778814664143,0.3165529364556245,0.5973525743995189
2019-04-30,0.0031580714212265937,0.9087426007840442,-0.5202802778203363,0.5891917370592359,0.14510547944440305,0.2094892048853041,0.6183400495644408
2019-05-31,0.0030091144288311496,0.9424217496007842,-0.5529517041512124,0.6578294228561565,0.049661137377395526,0.016308018221456798,0.6900549184882078
2019-06-30,0.0019999983648623116,0.9577499679247686,-0.6085766114524995,0.741214471691336,-0.10379338546999672,-0.1571906266077305,0.7339458966440093
2019-07-31,0.0008526760953272029,0.9263316744792777,-0.47205065858975254,0.7013062159345353,0.07797787408254542,-0.22097160439906144,0.6889455260068773
2019-08-31,0.00044353936968264535,0.9363225172436914,-0.4736865617194492,0.5759354461094496,0.21253689886092275,-0.08571872006047401,0.6873023595853984
2019-09-30,0.0005265024383308472,0.9214257385020772,-0.47120378117868145,0.5304741951436243,0.0015987808998361164,-0.1577669267974602,0.6755236230228252
2019-10-31,0.0018528837298220722,0.900543668428697,-0.5347417305036288,0.6262383162114548,-0.030298952542858637,-0.2571962015771421,0.685190303794359
2019-11-30,-0.0005600491810257447,0.8801552708449605,-0.7054225947398216,0.5358616278983841,-0.15482156468547698,-0.4105736318909943,0.6986453909906682
2019-12-31,-0.0005966193250271385,0.8859849854903088,-0.7047199511841067,0.522706714741561,-0.16245680604057383,-0.3841480696180185,0.6966425517704562
2020-01-31,-0.00047541919451615094,0.88587516456362,-0.669630899171649,0.5423581038970116,-0.11039829167010229,-0.3770726644728838,0.695865004098942
2020-02-29,-0.000426720258354352,0.8838948488505318,-0.6696455136420036,0.5436654116375075,-0.11247190247678274,-0.38232660936320406,0.725798660413348
2020-03-31,-0.0004290415669866857,0.8773177279273108,-0.6669468049337004,0.4344160767398155,-0.10265459692327172,-0.2699466734967063,0.769919945311295
2020-04-30,-0.0004965347658692889,0.7735962310750477,-0.7836202648569262,0.6039924504170128,-0.41931788549094096,-0.45407347669035747,0.7306519444144673
2020-05-31,-0.0005068708007616701,0.774567091275252,-0.8274431413374111,0.6299547885691673,-0.45532911057402714,-0.45048129256771474,0.7296098559027007
2020-06-30,-0.0020702528470894774,0.7725591924844775,-0.8781679183387048,0.6376580265241569,-0.3800403006573416,-0.4992990019180346,0.7333634558641475
2020-07-31,-0.0018871629206491263,0.8308019686774704,-0.9592790859388324,0.6210692546693231,-0.43682260242394255,-0.4072536278479504,0.7418007497842161
2020-08-31,-0.002982690101611829,0.8484773368815153,-0.8847173296372973,0.4922107338806397,0.04859577507065005,-0.3073955305762111,0.7361452116045347
2020-09-30,-0.003973185445529721,0.8336732704554604,-0.9463888843967757,0.4941815240087024,0.09807785254721457,-0.4297269282551605,0.7431715079181175
2020-10-31,-0.0035137000544784597,0.8339867600044024,-1.0498103458077936,0.5602712354506235,0.1085322394825683,-0.6203625005592981,0.7601662065381565
2020-11-30,-0.0015850644823020062,0.9599655275651358,-0.8560226465325993,0.464127855858385,-0.3137778495792234,-0.19127794405851695,0.736535701476265
2020-12-31,-0.0018036688908104077,0.9612403147192898,-0.832251601222233,0.4531259791164616,-0.35202387206038255,-0.20176731621509947,0.736088826828702
2021-01-31,-0.0014269329145413878,0.9521060195577942,-0.7665033331805136,0.42630155643330236,-0.3657885598422741,-0.07785721740441243,0.7203254242318451
2021-02-28,0.00018702938147486603,0.9400113367632469,-0.7736145319862371,0.5100335410074909,-0.3895808196811341,-0.1886562279562224,0.7166637297535945
2021-03-31,0.0004375719952967104,0.9415779251158773,-0.7772169922928382,0.5170661059295194,-0.293698337104376,-0.14398523382055606,0.7187555030264523
2021-04-30,0.0021875607493135572,0.9660458892869007,-0.8541210968686457,0.5661272943983442,-0.4363761633721168,-0.15733976801050797,0.7361977444291034
2021-05-31,0.0031915007380583166,0.9527621689414134,-0.8520410508862035,0.5986408313539113,-0.3808200409302991,-0.11917250740797791,0.7313286231194336
2021-06-30,0.0029616713503203404,0.9282001166570586,-0.8302734122035411,0.6251204814819213,-0.30469699409999773,-0.14352979490738887,0.7266686795138586
2021-07-31,0.00238914233519216,0.9316774386240539,-0.8294089683310171,0.6407605319308742,-0.4089758382954276,-0.14884385343741302,0.7193386722400064
2021-08-31,0.0009268711627518655,0.9295193250514211,-0.8380331709048283,0.6451931012646872,-0.3922971215481459,-0.06286786610393597,0.73307772216104
2021-09-30,-0.0011180209001543087,0.9318699457387885,-0.7835054998246735,0.5903489217218383,-0.2936215580369761,-0.07841179388320485,0.7331023188899208
2021-10-31,-0.0006150172365801693,0.9050388579446311,-0.7787925385103001,0.596274175962292,-0.284547468265933,-0.018689994253610898,0.73102228085598
2021-11-30,-0.002005574381494979,0.9013478113096383,-0.7526745276031219,0.5864679401402805,-0.2826291248057129,-0.049572719162724654,0.7402861859555318
2021-12-31,-0.002180930534832143,0.9279699246479814,-0.7479302526306855,0.5614114304604837,-0.21068639927510713,0.09783792072016312,0.7269050562031552
2022-01-31,-0.0010851495075276593,0.9593118027702852,-0.7394677954835698,0.5646379723618538,-0.24938007714988863,0.06768036289611862,0.7501084987738205
2022-02-28,0.001249168199722473,0.941044654569748,-0.6783229713960375,0.5514950436117083,-0.2711825643235741,0.10632875683039483,0.7372717638811777
2022-03-31,0.002148462492220879,1.0050652113224752,-0.7795438561564367,0.5238004123415534,-0.3869403984628501,0.24626034451068507,0.7323817366321912
2022-04-30,0.0003858676618343163,1.035977616079426,-0.7863260389380824,0.49559971526015323,-0.43504751719368784,0.2747307066790843,0.7457068623029027
2022-05-31,-0.00024117747059762724,1.0099073385219934,-0.7249789336697048,0.41311234938982355,-0.40106739249549217,0.2813657928020269,0.7003668397321354
2022-06-30,-0.000528366044567033,0.9955869648019053,-0.7116288936778772,0.41055555409185596,-0.3880138283997173,0.2783596076131752,0.7403216427077874
2022-07-31,0.00398479971479359,1.0310701508513425,-0.8133436556311333,0.4897554810534044,-0.4745977498702407,0.08185280349974644,0.7677698871132215
2022-08-31,0.0016716067699412028,1.0424037574549212,-0.7913713819639459,0.4792619494799851,-0.3754723734371783,0.08617164136746623,0.7660970662872627
2022-09-30,0.003656704773148837,1.0173592433061978,-0.8125810201156931,0.5177654488679444,-0.39596455825257637,0.04039543674359433,0.7691868665001296
2022-10-31,0.0033907635402297943,1.0186946619737356,-0.8117318673307237,0.5182453683450092,-0.394117528582721,0.04973185202101685,0.7820215061616905
2022-11-30,0.0035164403155893646,1.0228078082267338,-0.8131961696186548,0.507689803675365,-0.3617286702425566,0.0713149135659642,0.7851056143865544
2022-12-31,0.0040452664692523345,1.0153893826285438,-0.8018553444157317,0.4980592212468266,-0.3578618380410594,0.09628467289134347,0.7859926074117535
2023-01-31,0.004501347364647458,1.0195716127755543,-0.858572605108757,0.5026152781126842,-0.38231896037183244,0.09580465685829037,0.7868186530864467
2023-02-28,0.004283012045524799,1.0255085171855232,-0.8576986752281649,0.5040621101241142,-0.3747707571971832,0.10104777779966445,0.7770335554543923
2023-03-31,0.002507352707587217,1.032397804707949,-0.7870267466877827,0.5665311018491523,-0.3458350561051614,0.05424916341266689,0.7502559847339327
2023-04-30,0.0036570247274255417,1.1216949487967571,-0.7247139842413142,0.51579734653422,-0.25986455703307565,0.12424704650869123,0.7984211113436649
2023-05-31,0.0046792222388457125,1.1252429962642065,-0.6953807810494403,0.49253959588178464,-0.23901800616140534,0.10818438327948637,0.8067370092052917
2023-06-30,0.005702728039885731,1.124486909749828,-0.6438343645864801,0.43919316892644433,-0.2212059916449276,0.16362573604259315,0.8207679699878915
2023-07-31,0.004890625366126031,1.1106998061545552,-0.6221905715765315,0.42644034728565605,-0.19418987763356066,0.16780434001915795,0.8121366757889829
2023-08-31,0.005314401719075666,1.0764188557815806,-0.6744840732659168,0.4732486513418358,-0.24347790250679047,0.11508711413273953,0.8057752587842626
2023-09-30,0.00454023269444025,1.0837179192339066,-0.6727230102586421,0.48185887696213864,-0.22657925292118786,0.1169612823958186,0.8105976923878895
2023-10-31,0.004472562607846292,1.0731511878538944,-0.6021591655490292,0.4889498004692275,-0.20761763008918432,0.10345954997372202,0.8085960280906399
2023-11-30,0.0014808918768442645,0.9694060673777547,-0.5172827841249223,0.42401362838592155,-0.025074846743810553,0.12455058197450816,0.7680701411891511
2023-12-31,0.00015936872802205931,0.9544427848082413,-0.6097964439203141,0.41677752828616654,-0.014682421721441075,0.11959743347742405,0.7534814857599225
2024-01-31,0.0009296842217839402,0.9635574406018672,-0.7283212407315081,0.44406944715165303,-0.06298975535529594,0.08091333569475033,0.7474287403675146
2024-02-29,0.0009514534123035955,0.9772574268952435,-0.77575566399898,0.35601635086085887,-0.1081225082705668,0.19564590490097203,0.7553727907421321
2024-03-31,0.0004093202304384959,0.9684350198331071,-0.7502719720289879,0.32243491167378197,-0.09789445452922552,0.22345699532110308,0.7429518876761008
2024-04-30,-0.0007240288570767705,0.9782145310551411,-0.705980236651478,0.29727111788032634,-0.09842233053048222,0.27385265759253485,0.7396104284820872
2024-05-31,-0.0010870486335732106,0.981869263710529,-0.7128040107224496,0.2674565669282353,-0.09783268330066408,0.2704614545839915,0.744806611483383
2024-06-30,0.0001383245695097948,0.9717111728910683,-0.5583799785711234,0.10228680221925995,-0.1061728285546168,0.46347200513282893,0.7293035081533141
2024-07-31,0.0033168979958918526,0.9503951851738272,-0.3081268506378152,0.15864288452778327,0.05394022048064312,0.37377013616958193,0.6800271604938077
2024-08-31,0.004704335678006962,0.96362729482468,-0.35073235092592103,0.1334397153951576,0.024878286994793053,0.4148769545790614,0.6730352565251585
2024-09-30,0.003433194431500348,0.9459363692328662,-0.3738310648496691,0.22787186263893508,0.01939987481290406,0.32397258255678907,0.6486299794395545
2024-10-31,0.002781993535029682,0.9635563136093007,-0.3885692934554109,0.24890964572971616,0.05517247179026108,0.28735713641493627,0.6458132198648788
2024-11-30,0.004301374087537172,0.9636330567635619,-0.3094036673790743,0.19501354400930376,0.18210468407347802,0.3289266634469068,0.6575215430529298
2024-12-31,0.0028494450218746695,0.9723887531381571,-0.30160906238964924,0.22516536614561908,0.1264521689522885,0.30748479782334065,0.6481743998911308
2025-01-31,0.0021442004138991465,0.9920000777707326,-0.17241481830464922,0.06264797713576647,0.19305603549385963,0.356814537794853,0.6642048658845602
2025-02-28,0.0015231132904086429,1.0009200864989878,-0.42401830550730796,0.2860680869110451,0.16489916770645124,0.18662167711674535,0.6458897914118338
2025-03-31,-0.0012227914676325464,0.900168740839308,-0.4722817233071228,0.6161034440516042,0.3502861252442363,-0.2888206569816253,0.6294197218926009
2025-04-30,0.0011778095198486192,0.8545822344547517,-0.44642508422752036,0.5983864106084529,0.3528894636029415,-0.21615464581925542,0.6089468535097903
2025-05-31,-0.0008778457497631443,0.7858881772094246,-0.5923688742305196,1.0353670165165338,0.3468366877131326,-0.6154098932085675,0.6133592744805836
2025-06-30,-0.00016151378140666708,0.6888609194804923,-0.4587578930154248,0.9863524655035523,0.5367071752819774,-0.715543044512406,0.5400482267509041
2025-07-31,-0.0014025058849709143,0.6500859380927522,-0.4825739269921814,0.9723477576217994,0.4748821805330042,-0.5679320091033344,0.5043658581123296
2025-08-31,0.0011151387729004536,0.6268004347322402,-0.4100799424295627,0.9563712341258439,0.44076145753123075,-0.49693215774408805,0.4615510001891163
2025-09-30,0.0004591395468049944,0.6225026661321271,-0.37192665953683013,0.9289129568317174,0.4925624163488102,-0.4685609513599731,0.4279632658227972
2025-10-31,-0.00033455400830673457,0.632380041859381,-0.3390107020643066,0.9223897714512255,0.5984384033505182,-0.43886533250473075,0.38892356409369333
2025-11-30,0.00083950429589651,0.6295438665896562,-0.32611808026249656,0.9611453241866454,0.6381320639705561,-0.457912602036125,0.36750845020045597
2025-12-31,-0.0020599659008141286,0.6751253822436579,-0.34350179049435237,0.9662361303997546,0.6705176835784722,-0.5291991046087076,0.3366746958228001
2026-01-31,-0.005808124411545889,0.6801994379678129,-0.4690354175372975,1.0010369982955014,0.5587319764677057,-0.6081593676359502,0.2945265198462462
2026-02-28,-0.0016107130983631646,0.6189799669666046,-0.39954033042227033,0.8956190124610602,0.5372362411168983,-0.3632028454166045,0.2657796728070938
2026-03-31,-0.004557428869252533,0.6775809482077384,-0.4094900948709007,0.9735375776165548,0.5780919441673821,-0.41102978060171713,0.29881779131154296
2026-04-30,-0.006129418587025714,0.5753097801120768,-0.33897452075821166,0.9752778933204198,0.5830468304608816,-0.46200098798658795,0.284241603149463
2026-05-31,-0.008023525684671583,0.6345247227304212,-0.4827713400834709,1.1068995934119652,0.4528644885474268,-0.3187158654543921,0.28507958028000313
2026-06-30,-0.004365935847137556,0.4868048390375647,-0.38542689789972806,1.012825047218037,0.17365367265827714,-0.059305470549448236,0.23356754435612515
2026-07-31,-0.004710017789246665,0.48440153376843875,-0.3937468217195109,1.0402397295589807,0.12855345825467532,-0.0733927788506179,0.2316304094418985
