,alpha,Mkt-RF,SMB,HML,RMW,CMA,residual
2005-01-31,0.0022970415416810313,-0.01873267660117672,0.004120111548982989,0.009051536569934975,0.002394608883994221,-0.0013350479499925078,0.020359191389706266
2005-02-28,0.0022970415416810313,0.012806338912804445,0.0011565225400654007,0.006206767933669697,0.001154846837670972,-0.00016446242862226546,-0.018043057985005457
2005-03-31,0.0022970415416810313,-0.01314693303282584,0.005095927442163172,0.008965331459745117,0.0003906099598004758,0.0012963509079637395,-0.059734652414686944
2005-04-30,0.0022970415416810313,-0.017710894241112534,0.014420390421440468,0.0003879229958543561,0.0008746266491184567,-0.0007642665800681748,-0.021912941744608345
2005-05-31,0.0022970415416810313,0.024863370761561827,-0.009975006908064082,-0.0026292558607906354,-0.0008831181699836844,0.0002515307731869942,-0.012035754375023213
2005-06-30,0.0022970415416810313,0.00395089179224818,-0.011637508059408094,0.012327330757149537,0.0007642368778704962,-0.0004353417228236439,-0.018997302197378045
2005-07-31,0.0022970415416810313,0.026702579009677357,-0.010011148237441125,-0.0033619992974044193,-0.0010104909829621003,-0.0007642665800681748,-0.016790583430554052
2005-08-31,0.0022970415416810313,-0.008174258880513477,0.0033972849614421143,0.005775742382720413,-0.001664338089584636,0.00036762189927329927,-0.007155796424672138
2005-09-30,0.0022970415416810313,0.0032697035522053905,0.0011203812106883569,0.0033619992974044193,0.0002207795424959211,-0.0005901298909387171,-0.02879017724306046
2005-10-31,0.0022970415416810313,-0.013896240096872913,0.005421199406556566,0.0018534098690819235,-0.0005944064605659414,-0.0012189568239062028,0.03419592286847158
2005-11-30,0.0022970415416810313,0.024590895465544712,-0.00325271964393394,-0.005129204056296486,-0.0006708301483529911,-0.0010544943952839373,0.02985286851913246
2005-12-31,0.0022970415416810313,-0.0016348517761026952,0.0009035332344260944,0.0006465383264239268,0.00015284737557409923,0.00019348521014384172,-0.012357568526658497
2006-01-31,0.0022970415416810313,0.020640003673296527,-0.02107039502681652,0.004267152954397916,-0.0005604403771050305,-0.00033859911775172295,-0.00992705960947704
2006-02-28,0.0022970415416810313,-0.002043564720128369,0.0016625011513440135,-0.001336179207942782,-0.00045854212672229774,0.0019155035804240327,-0.020443599872043854
2006-03-31,0.0022970415416810313,0.01001346712862901,-0.01207120401193262,0.0026292558607906354,2.5474562595683202e-05,-0.0004256674623164518,0.03676797983555312
2006-04-30,0.0022970415416810313,0.004972674152312366,0.0028551650207864583,0.00974117745145383,0.0014775246305496258,-0.0001257653865934971,-0.044738148245246884
2006-05-31,0.0022970415416810313,-0.024250301345523317,0.010480985519342694,0.010258408112592972,0.0007387623152748129,0.0014801618576003892,0.03432909031037524
2006-06-30,0.0022970415416810313,-0.0023160400161454852,0.0008673919050490505,0.003663717183068919,0.001120880754210061,-0.0001257653865934971,-0.017979048215137634
2006-07-31,0.0022970415416810313,-0.005245149448329481,0.01301087857573576,0.011292869434871254,0.0013756263801668932,0.0008126378826041351,-0.02622944469608978
2006-08-31,0.0022970415416810313,0.013828121272868631,-0.00162635982196697,-0.008404998243511048,-0.00153696527660622,0.002031594706510338,0.04057357991111657
2006-09-30,0.0022970415416810313,0.012533863616787332,0.005023644783409084,0.0003017178856644992,0.0006623386274877634,0.0004450159833308359,-0.03457230287223223
2006-10-31,0.0022970415416810313,0.02193426132937783,-0.007119841887277623,-0.001422384318132639,-0.00010189825038273281,0.00030957633623014674,0.08743871403712299
2006-11-30,0.0022970415416810313,0.011580200080727427,-0.0022407624213767138,0.00012930766528478535,0.0001698304173045547,-0.0007836151010825591,-0.003972266938796165
2006-12-31,0.0022970415416810313,0.0057901000403637135,0.0029274476795405464,0.011853202651105324,-0.0005519488562398028,0.0018187609753521118,0.0030890424990918965
2007-01-31,0.0022970415416810313,0.009400397712590498,-7.228265875408754e-05,-0.002930973746455135,0.00016133889643932695,0.00034827337825891504,-0.013194646468254096
2007-02-28,0.0022970415416810313,-0.013351289504838678,-0.004806796807146822,-0.0003879229958543561,-0.0004415590849918422,-0.0006191526724602935,-0.025890449307585515
2007-03-31,0.0022970415416810313,0.004836436504303807,-0.0005059786112786129,-0.003836127403448632,0.0004670336475875255,-0.0006481754539818697,0.026300158615474196
2007-04-30,0.0022970415416810313,0.023773469577493364,0.007517396510425105,-0.006206767933669697,0.0010019994620968726,0.0009771003112264006,-0.03705701808330649
2007-05-31,0.0022970415416810313,0.02207049897738639,-0.0011926638694424445,-0.00249994819550585,0.001248253567188477,-0.0011996083028918186,-0.025650441973824687
2007-06-30,0.0022970415416810313,-0.013351289504838678,-0.002529893056393064,-0.0044826657298725585,0.000416084522396159,5.8045563043152504e-05,0.008075414238067968
2007-07-31,0.0022970415416810313,-0.025340202529591783,0.011095388118752438,-0.015991047940218456,0.00022927106336114887,-0.001122214218834282,0.02455441800798999
2007-08-31,0.0022970415416810313,0.006403169456402223,0.0012288051988194883,-0.008146382912941478,-0.0010699316290186946,-0.0005514328489099488,0.07499501692367637
2007-09-30,0.0022970415416810313,0.02193426132937783,0.008854625697375725,-0.00918084423521976,-0.000416084522396159,-0.0028539068496216654,-0.007896817702459634
2007-10-31,0.0022970415416810313,0.012193269496765937,0.00018070664688521888,-0.012154920536769823,-0.0002717286676872875,5.8045563043152504e-05,0.111400391582876
2007-11-30,0.0022970415416810313,-0.032697035522053906,0.010517126848719738,-0.0046981785053472015,0.0014945076722800814,-0.00034827337825891504,0.08256317958934871
2007-12-31,0.0022970415416810313,-0.005926337688372271,-0.0006866852581638317,-0.0020689226445565656,0.0007557453570052684,-0.0010351458742695531,0.013772387072149523
2008-01-31,0.0022970415416810313,-0.04305109677070432,0.0021323384332455828,0.017327227148161234,0.0017832193816978243,0.0020025719249887617,-0.023864962689070634
2008-02-29,0.0022970415416810313,-0.021048716617322202,0.0022407624213767138,-0.0030602814117399197,0.0009085927325793678,-0.0009480775297048244,0.04567329275070715
2008-03-31,0.0022970415416810313,-0.006403169456402223,-0.0023130450801308014,0.0014654868732275675,0.0007387623152748129,0.00045469024383802795,-0.041045968933815874
2008-04-30,0.0022970415416810313,0.03140277786597261,0.004336959525245253,-0.004267152954397916,0.0015624398392019032,-0.0024862849503483656,-0.03822279515417629
2008-05-31,0.0022970415416810313,0.01273822008880017,-0.010878540142490175,-0.0067671011499037675,0.000798202961331407,0.00013543964710068922,0.009075746481782741
2008-06-30,0.0022970415416810313,-0.057424168635607176,-0.004192394207737078,-0.010732536218637186,0.004220285870018184,-0.0006675239749962539,-0.04324874038654963
2008-07-31,0.0022970415416810313,-0.005108911800320923,-0.013480715857637328,0.022456431204457724,-0.0011888129211318828,0.0009577517902120163,-0.05304589624732746
2008-08-31,0.0022970415416810313,0.010422180072654684,-0.011818214706293314,0.0065084858193341965,0.0015454567974714478,0.0006481754539818697,0.008161892644094648
2008-09-30,0.0022970415416810313,-0.06369110044400085,-0.0013372291869506196,0.024352943628634577,0.0018936091529457848,0.0016639728072370386,0.15966623270392333
2008-10-31,0.0022970415416810313,-0.11716437728735983,0.010986964130621307,-0.008275690578226262,0.0023181851962071716,0.0014124420340500445,-0.018654408966818053
2008-11-30,0.0022970415416810313,-0.05272396977931192,0.014348107762686378,-0.02676668671395057,0.003948557202330897,0.0023605195637548685,-0.032565645408203524
2008-12-31,0.0022970415416810313,0.01205703184875738,-0.011926638694424447,8.62051101898569e-05,9.340672951750509e-05,-0.0015091846391219654,-0.08254976678668338
2009-01-31,0.0022970415416810313,-0.05510812861946169,0.00766196182793328,-0.04745591315951623,0.0002717286676872875,-0.0011996083028918186,0.02352669393976385
2009-02-28,0.0022970415416810313,-0.06907248754033889,0.004228535537114121,-0.02840458380755785,0.0008916096908489122,-0.0005804556304315251,-0.05164768544486828
2009-03-31,0.0022970415416810313,0.06137506042785536,-0.00220462109199967,0.014956586617940174,-0.0021823208623635276,-0.0019735491434671854,0.027375852207350157
2009-04-30,0.0022970415416810313,0.06927684401235172,-0.025588061198946993,0.023146072085976577,0.001120880754210061,0.00031925059673733883,0.016207361899731515
2009-05-31,0.0022970415416810313,0.03542178848222507,0.008204081768588938,0.0018534098690819235,-0.000798202961331407,-0.001934852101438417,-0.07538585442101137
2009-06-30,0.0022970415416810313,0.002860990608179717,-0.008240223097965979,-0.011982510316390109,-0.0011803214002666551,-0.00034827337825891504,-0.009078717632643396
2009-07-31,0.0022970415416810313,0.05272396977931192,-0.008312505756720068,0.02107714944142001,-0.0002207795424959211,0.0029796722362151625,0.027594447833861724
2009-08-31,0.0022970415416810313,0.0226835683934249,0.00036141329377043776,0.032757941872145625,-0.0024200834465899043,0.0031731574463590034,-0.025782144742896758
2009-09-30,0.0022970415416810313,0.027792480193745826,-0.009830441590555907,0.004956793835916772,0.0009765248995011895,0.0003289248572445309,-0.015361466007396612
2009-10-31,0.0022970415416810313,-0.01737030012109114,0.017528544747866227,-0.017973765474585165,0.0035834218051261036,-0.0014317905550644287,0.0013296010897160346
2009-11-30,0.0022970415416810313,0.03801030379438767,0.009975006908064082,-0.001422384318132639,0.0007642368778704962,0.0,-0.028302337328979243
2009-12-31,0.0022970415416810313,0.01866455777717244,-0.022190776237504876,-0.000474128106044213,0.0006028979814311691,-5.8045563043152504e-05,-0.018923599088815194
2010-01-31,0.0022970415416810313,-0.02281980604143346,-0.001445653175081751,0.001422384318132639,-0.0009170842534445955,0.00048371302535960426,0.18394347770623976
2010-02-28,0.0022970415416810313,0.023092281337450574,-0.005385058077179522,0.01370661252018725,-0.0002462541050916043,0.001373744992021276,0.013571901756501407
2010-03-31,0.0022970415416810313,0.042914859122695756,-0.00661386327599901,0.009439459565789331,-0.0005179827727788918,0.0016833213282514228,-0.035075961321149526
2010-04-30,0.0022970415416810313,0.013623764800855795,-0.01792609937101371,0.012758356308098823,0.0005179827727788918,0.0016833213282514228,-0.06559524125099349
2010-05-31,0.0022970415416810313,-0.05381387096338039,-0.0002891306350163502,-0.010689433663542256,0.0011038977124796056,-0.00022250799166541796,-0.022252190133571666
2010-06-30,0.0022970415416810313,-0.03794218497038339,0.008746201709244592,-0.02038750855990116,-8.491520865227735e-05,-0.0015285331601363496,0.17835339254301014
2010-07-31,0.0022970415416810313,0.04713822621096105,-0.0001445653175081751,-0.002112025199651494,0.00013586433384364375,0.0019735491434671854,-0.06908942898265456
2010-08-31,0.0022970415416810313,-0.032492679050041065,0.011059246789375395,-0.007456742031422622,0.0005094912519136641,-0.0015478816811507338,0.03598001280471305
2010-09-30,0.0022970415416810313,0.06505347692408642,-0.013191585222620976,-0.013016971638668393,-0.00016133889643932695,0.00036762189927329927,0.008056726023682848
2010-10-31,0.0022970415416810313,0.02636198488965596,-0.0026383170445241954,-0.0106032285533524,0.00108691467074915,-0.00036762189927329927,-0.053972655741679754
2010-11-30,0.0022970415416810313,0.00401901061625246,-0.012794030599473497,-0.003879229958543561,0.0002717286676872875,0.0017316926307873832,0.009762117295983915
2010-12-31,0.0022970415416810313,0.04645703797091826,-0.003505708949573246,0.015344509613794528,-0.0029041001359078854,0.003066740580779891,-0.055458930466962646
2011-01-31,0.0022970415416810313,0.013487527152847236,0.008348647086097111,0.0026292558607906354,-0.000543457335374575,0.0007836151010825591,-0.006630785977422234
2011-02-28,0.0022970415416810313,0.023705350753489084,-0.005963319347212223,0.005086101501201557,-0.0015539483183366755,0.0008126378826041351,0.04316138099326265
2011-03-31,0.0022970415416810313,0.003133465904196833,-0.009252180320523206,-0.007930870137466834,0.001469033109684398,-6.771982355034461e-05,-0.03156822005550721
2011-04-30,0.0022970415416810313,0.019754458961240902,0.00191549045698332,-0.010517023443162542,0.0009510503369055065,-0.0008319864036185193,-0.017514914655791317
2011-05-31,0.0022970415416810313,-0.00865109064854343,0.0026021757151471515,-0.007973972692561764,0.001630372006123725,-0.0013834192525284683,-0.03930145723311495
2011-06-30,0.0022970415416810313,-0.011852675376744542,-0.00021684797626226262,-0.0008620511018985691,0.001927575236406696,-0.001373744992021276,-0.011166297605093637
2011-07-31,0.0022970415416810313,-0.016007923641005558,0.004011687560851859,-0.003879229958543561,0.0022842191127462608,-0.0016736470677442307,-0.02863960647159742
2011-08-31,0.0022970415416810313,-0.04059881910655027,0.011167670777506526,-0.010473920888067615,0.0028956086150426575,-0.0002612050336941863,0.019099076462568098
2011-09-30,0.0022970415416810313,-0.05156594977123919,0.012613323952588277,-0.0065946909295240535,0.0016898126521803193,0.00014511390760788128,0.014566046119683068
2011-10-31,0.0022970415416810313,0.07724674642085236,-0.011745932047539227,0.0002586153305695707,-0.0019105921946762402,-0.0006965467565178301,0.030552914424824204
2011-11-30,0.0022970415416810313,-0.0018392082481155324,0.0010842398813113133,-0.0022413328649362792,0.0016473550478541806,0.0013930935130356602,0.009218039472654288
2011-12-31,0.0022970415416810313,0.005108911800320923,0.0010480985519342695,0.006637793484618982,0.0009001012117141399,0.0023895423452764456,-0.049615605463597875
2012-01-31,0.0022970415416810313,0.03440000612216088,-0.007300548534162842,-0.004008537623828346,-0.0017492532982369133,-0.0014317905550644287,0.004922828245626242
2012-02-29,0.0022970415416810313,0.02997228256188275,0.00603560200596631,0.001810307313986995,-0.00030569475114819846,-6.771982355034461e-05,-0.03872109409627743
2012-03-31,0.0022970415416810313,0.02118495426533076,0.001734783810098101,0.005129204056296486,-0.0005179827727788918,0.0006675239749962539,0.00392136081805022
2012-04-30,0.0022970415416810313,-0.005721981216359434,0.0018070664688521888,-0.003318896742309491,0.0011038977124796056,0.0006288269329674856,-0.005422012176971219
2012-05-31,0.0022970415416810313,-0.042029314410640124,0.0002891306350163502,-0.004094742734018203,0.00172377873564123,0.00227345121919014,0.02589191195236999
2012-06-30,0.0022970415416810313,0.026566341361668803,-0.00325271964393394,0.0023706405302210652,-0.0009001012117141399,0.0004256674623164518,0.02251834656976776
2012-07-31,0.0022970415416810313,0.00538138709633804,0.0101557135549493,-0.0002586153305695707,0.0008746266491184567,9.674260507192086e-06,-0.0003391692618117323
2012-08-31,0.0022970415416810313,0.01730218129708686,-0.0015540771632128823,0.005387819386866057,-0.0012737281297841602,-0.0008223121431113273,-0.027330371531421423
2012-09-30,0.0022970415416810313,0.018596438953168162,-0.0020600557744914947,0.007025716480473337,-0.0011038977124796056,0.0015188588996291575,0.01939303986902481
2012-10-31,0.0022970415416810313,-0.011988913024753101,0.002999730338294633,0.015172099393414816,-0.0011888129211318828,0.0024379136478124056,-0.03080409909019129
2012-11-30,0.0022970415416810313,0.005313268272333761,-0.001445653175081751,-0.003749922293258775,0.0003226777928786539,0.0007836151010825591,0.016413754318028106
2012-12-31,0.0022970415416810313,0.00803802123250492,-0.00690299391101536,0.015172099393414816,-0.0014605415888191704,0.0007739408405753669,0.0003747472454069811
2013-01-31,0.0022970415416810313,0.03794218497038339,-0.0015179358338358385,0.004353358064587773,-0.0017067956939107744,0.001470487597093197,0.037763706209202115
2013-02-28,0.0022970415416810313,0.008787328296551988,0.0008673919050490505,0.0007758459917087122,-0.0005009997310484363,0.0005804556304315251,0.041149434255519556
2013-03-31,0.0022970415416810313,0.02745188607372443,-0.0031804369851798522,-0.0009051536569934975,0.00022927106336114887,0.0013640707315140841,-0.0072880686173088065
2013-04-30,0.0022970415416810313,0.010626536544667522,0.008131799109834848,0.0019827175343667086,0.0003311693137438817,0.00040631894130206756,-0.0034300665875958633
2013-05-31,0.0022970415416810313,0.019141389545202392,-0.007336689863539886,0.01168079243072561,-0.001698304173045547,-0.0009093804876760559,0.049718303962307364
2013-06-30,0.0022970415416810313,-0.008174258880513477,-0.005565764724064741,-0.0001724102203797138,-0.00023776258422637662,-5.8045563043152504e-05,-0.006936888739532311
2013-07-31,0.0022970415416810313,0.038487135562417625,-0.0063608739703597044,0.0024568456404109214,-0.0011378637959405164,0.000561107109417141,-0.0010102841331917495
2013-08-31,0.0022970415416810313,-0.0184602013051596,0.00010842398813113131,-0.011766997540915468,0.0006028979814311691,-0.0020993145300606825,-0.010813043849229351
2013-09-30,0.0022970415416810313,0.02568079664961317,-0.0095774522849166,-0.005086101501201557,-0.00045854212672229774,-0.0012770023869493553,0.00901109008865462
2013-10-31,0.0022970415416810313,0.028405549609784333,0.005421199406556566,0.005258511721581271,0.002335168237937627,0.0008610091851400956,-0.030659052586787583
2013-11-30,0.0022970415416810313,0.021253073089335044,-0.005204351430294303,0.0008189485468036406,0.0002207795424959211,5.8045563043152504e-05,-0.006931568070142884
2013-12-31,0.0022970415416810313,0.01907327072119811,0.0015902184925899261,0.0,-0.0004925082101832086,7.739408405753669e-05,-0.005125020160090865
2014-01-31,0.0022970415416810313,-0.022479211921412064,-0.0021684797626226266,-0.008577408463890763,-0.0033201846583040444,-0.0014898361181075812,-0.022966367545431472
2014-02-28,0.0022970415416810313,0.031879609634002555,-0.00046983728190156906,-0.0015085894283224956,-0.00021228802163069337,-0.0005224100673883726,0.005991674002841618
2014-03-31,0.0022970415416810313,0.002792871784175438,0.004083970219605946,0.021120251996514943,0.0017152872147760023,0.0018574580173808801,0.045507817259197836
2014-04-30,0.0022970415416810313,-0.0012942576560813007,0.014709521056456816,0.005258511721581271,0.00288711709417743,0.000899706227168864,0.006289850171955415
2014-05-31,0.0022970415416810313,0.013896240096872913,0.006722287264130143,-0.00043102555094928454,-7.642368778704961e-05,-0.0009287290086904401,-0.025437557061669978
2014-06-30,0.0022970415416810313,0.01777901306511681,-0.011059246789375395,-0.0030602814117399197,-0.0015539483183366755,-0.0018477837568736883,-0.016424194596080178
2014-07-31,0.0022970415416810313,-0.013828121272868631,0.015143217008981344,-0.0003448204407594276,0.000798202961331407,0.0004933872858667964,-0.013487456983222576
2014-08-31,0.0022970415416810313,0.028882381377814285,-0.0010480985519342695,-0.00249994819550585,-0.000543457335374575,-0.0006675239749962539,0.06781543122510289
2014-09-30,0.0022970415416810313,-0.013351289504838678,0.01322772655199802,-0.006336075598954482,0.0010189825038273283,-0.000570781369924333,0.010198908733394657
2014-10-31,0.0022970415416810313,0.01709782482507402,-0.01311930256386689,-0.007198126700853051,-0.0003311693137438817,0.00020315947065103378,0.015673450121874537
2014-11-30,0.0022970415416810313,0.01743841894509542,0.008312505756720068,-0.013491099744712605,0.0013331687758407545,0.00013543964710068922,0.04483353304363235
2014-12-31,0.0022970415416810313,-0.0003405941200213949,-0.010227996213703388,0.009094639125029903,-0.001027474024692556,0.0008706834456472878,0.009152729307232607
2015-01-31,0.0022970415416810313,-0.021048716617322202,0.0034334262908191585,-0.0149996891730351,0.0013416602967059822,-0.0015865787231795017,-0.010995521824308758
2015-02-28,0.0022970415416810313,0.04182495793862729,-0.0014095118457047072,-0.00754294714161248,-0.000934067295175051,-0.001692995588758615,-0.008221722199879919
2015-03-31,0.0022970415416810313,-0.007424951816466408,-0.011131529448129483,-0.0016378970936072811,5.9440646056594155e-05,-0.0005998041514459093,-0.002524217194714226
2015-04-30,0.0022970415416810313,0.004087129440256738,0.010842398813113132,0.00780156247218205,4.2457604326138675e-05,-0.0005998041514459093,-0.04602012366717178
2015-05-31,0.0022970415416810313,0.009400397712590498,-0.002999730338294633,-0.0047412810604421304,-0.0014860161514148537,-0.000802963622096943,0.011008659849618564
2015-06-30,0.0022970415416810313,-0.010490298896658963,-0.010553268178096781,-0.0034482044075942763,0.0002972032302829707,-0.0014898361181075812,-0.024794451085131813
2015-07-31,0.0022970415416810313,0.0106946553686718,0.016552728854686047,-0.017930662919490234,0.00026323714682205976,-0.002370193824262061,0.03920383120667567
2015-08-31,0.0022970415416810313,-0.04100753205057594,-0.0010480985519342695,0.011853202651105324,0.0005604403771050305,0.001238305344920587,-0.03484342146882808
2015-09-30,0.0022970415416810313,-0.020844360145309368,0.010119572225572256,0.0023706405302210652,0.0015284737557409924,-0.000561107109417141,-0.022066330419278815
2015-10-31,0.0022970415416810313,0.05279208860331621,0.007445113851671017,-0.0019827175343667086,0.0008066944821966348,0.0005998041514459093,-0.01885978399910862
2015-11-30,0.0022970415416810313,0.0038827729682439013,-0.011890497365047402,-0.0018534098690819235,-0.0022502530292853496,-0.0010641686557911294,-0.003310633318610168
2015-12-31,0.0022970415416810313,-0.014645547160919979,0.010661692166227914,-0.01107735665939661,0.000288711709417743,0.0001257653865934971,-0.003038569402464872
2016-01-31,0.0022970415416810313,-0.039100204978456135,0.012432617305703058,0.008965331459745117,0.0023606428005333102,0.002950649454693586,-0.007197755326209197
2016-02-29,0.0022970415416810313,-0.0004768317680299529,-0.003144295655802808,-0.0026292558607906354,0.0028022018855251526,0.0019058293199168408,0.03295140402306654
2016-03-31,0.0022970415416810313,0.047342582682973894,-0.003650274267081421,0.0053016142766762,0.000577423418835486,5.8045563043152504e-05,0.005338028430199225
2016-04-30,0.0022970415416810313,0.0061988129843893874,-0.004445383513376385,0.013879022740566961,-0.0024200834465899043,0.0016833213282514228,0.008080758080559296
2016-05-31,0.0022970415416810313,0.012125150672761658,0.0022407624213767138,-0.0069826139253784105,-0.000934067295175051,-0.0024572621688267898,-0.04034558662782757
2016-06-30,0.0022970415416810313,-0.0002043564720128369,-0.0015179358338358385,-0.006422280709144339,0.0012312705254580215,0.0018381094963664962,0.03281865382113828
2016-07-31,0.0022970415416810313,0.026838816657685914,-0.0089991910148839,-0.005474024497055913,0.0011378637959405164,-0.001141562739848666,-0.01845027627880186
2016-08-31,0.0022970415416810313,0.0033378223762096696,-0.006071743335343354,0.01366350996509232,-0.0015624398392019032,-0.00037729615978049136,0.03162671906818536
2016-09-30,0.0022970415416810313,0.0018392082481155324,-0.0065415806172449235,-0.005258511721581271,-0.0018851176320805573,1.934852101438417e-05,-0.030673073253982407
2016-10-31,0.0022970415416810313,-0.013691883624860072,0.014601097068325684,0.017672047588920662,0.0008151860030618625,0.00027087929420137845,-0.02334107007600213
2016-11-30,0.0022970415416810313,0.0330376296420753,-0.02519050657579951,0.03586132583898047,-0.0001443558547088715,0.003579476387661072,0.04151967392485399
2016-12-31,0.0022970415416810313,0.012329507144774496,-0.0015902184925899261,0.01508589428322496,0.0010699316290186946,-0.00030957633623014674,0.006005385170572513
2017-01-31,0.0022970415416810313,0.013215051856830123,0.005204351430294303,-0.011810100096010396,-0.00042457604326138674,-0.0010351458742695531,-0.0007291624365769103
2017-02-28,0.0022970415416810313,0.024182182521519036,0.008276364427343023,-0.0065515883744291245,0.00035664387633956485,-0.0017510411518017676,0.01714277200013904
2017-03-31,0.0022970415416810313,0.0011580200080727426,-0.002710599703278283,-0.014353150846611176,0.000543457335374575,-0.0009287290086904401,-0.013957454236099925
2017-04-30,0.0022970415416810313,0.00735683299246213,-0.0015179358338358385,-0.008965331459745117,0.0015114907140105368,-0.0015575559416579256,-0.00844375263511241
2017-05-31,0.0022970415416810313,0.007288714168457852,0.010806257483736089,-0.01646517604626267,0.0008406605656575457,-0.0016156015047010782,-0.003328241087296812
2017-06-30,0.0022970415416810313,0.005313268272333761,-0.009179897661769118,0.0065084858193341965,-0.001927575236406696,9.674260507192086e-06,0.021124866799684887
2017-07-31,0.0022970415416810313,0.012806338912804445,0.005927178017835178,-0.0009913587671833543,-0.0006368640648920801,-0.00014511390760788128,0.013106521934834324
2017-08-31,0.0022970415416810313,0.0012261388320770215,0.00661386327599901,-0.00918084423521976,0.0001698304173045547,-0.002302474000711716,0.03565395115990145
2017-09-30,0.0022970415416810313,0.016961587177065467,-0.017203272783472834,0.013577304854902463,-0.0013076942132450712,0.0015865787231795017,-0.004888363480473971
2017-10-31,0.0022970415416810313,0.01532673540096277,0.00690299391101536,0.0005603332162340698,0.0007812199196009516,-0.003037717799258315,-0.003983742931687181
2017-11-30,0.0022970415416810313,0.021253073089335044,0.0013372291869506196,-0.0003879229958543561,0.0027087951560076473,-9.674260507192086e-05,0.004558795088258006
2017-12-31,0.0022970415416810313,0.007220595344453571,0.0037948395845895963,0.00021551277547464227,0.0006198810231616246,0.0017316926307873832,0.010213892683224333
2018-01-31,0.0022970415416810313,0.03801030379438767,0.01160136673003105,-0.005689537272530556,-0.0006368640648920801,-0.001015797353255169,0.03585908223849608
2018-02-28,0.0022970415416810313,-0.02479525193755755,-0.0012288051988194883,-0.0047412810604421304,0.00045005060585706993,-0.002283125479697332,-0.004290594937274565
2018-03-31,0.0022970415416810313,-0.016007923641005558,-0.013047019905112802,-0.0009051536569934975,-0.00035664387633956485,7.739408405753669e-05,-0.010516388245165723
2018-04-30,0.0022970415416810313,0.00197544589612409,-0.003216578314556896,0.0022844354200312078,-0.002046456528519884,0.0011996083028918186,-0.032718441791651086
2018-05-31,0.0022970415416810313,0.017915250713125372,-0.01702256613658762,-0.013534202299807535,-0.0016813211313150913,-0.0014414648155716208,0.0007112666876029523
2018-06-30,0.0022970415416810313,0.0033378223762096696,-0.0027828823620323706,-0.01004289533711833,0.000704796231813902,0.00019348521014384172,-0.020586430543352522
2018-07-31,0.0022970415416810313,0.021798023681369273,0.00690299391101536,0.002025820089461637,0.0013076942132450712,0.00030957633623014674,0.0238713687783011
2018-08-31,0.0022970415416810313,0.023569113105480526,-0.002421469068261933,-0.01693930415230688,-0.000288711709417743,-0.0024572621688267898,0.049474606558185565
2018-09-30,0.0022970415416810313,0.0004087129440256738,0.0089991910148839,-0.00724122925594798,0.000543457335374575,0.0013253736894853158,0.017991520180310177
2018-10-31,0.0022970415416810313,-0.05204278153926913,0.015757619608391085,0.014784176397560462,0.000798202961331407,0.0034440367405603823,-0.02817878800806236
2018-11-30,0.0022970415416810313,0.011648318904731706,0.0029274476795405464,0.0014654868732275675,-0.0005264742936441195,0.00037729615978049136,0.04314419758779177
2018-12-31,0.0022970415416810313,-0.06505347692408642,0.010227996213703388,-0.008103280357846548,-3.396608346091094e-05,0.0002128337311582259,-0.00587169203375975
2019-01-31,0.0022970415416810313,0.05694733686757722,-0.010408702860588606,-0.0017241022037971382,-0.0005689318979702582,-0.0015575559416579256,-0.04042429277756938
2019-02-28,0.0022970415416810313,0.02329663780946341,-0.006252449982228573,-0.01146527965525097,0.00012737281297841603,-0.0014511390760788127,-0.028980724721715048
2019-03-31,0.0022970415416810313,0.007493070640470688,0.012794030599473497,-0.017930662919490234,0.000798202961331407,-0.0008803577061544798,-0.008508104331885254
2019-04-30,0.0022970415416810313,0.027043173129698752,0.004011687560851859,0.00918084423521976,0.0013331687758407545,-0.0021186630510750667,0.03490234894414466
2019-05-31,0.0022970415416810313,-0.04713822621096105,0.00545734073593361,-0.010172203002403114,-0.0004330675641266145,0.001692995588758615,-0.042816884398837685
2019-06-30,0.0022970415416810313,0.04761505797899101,-0.0006866852581638317,-0.0031033839668348486,0.000416084522396159,-0.0004933872858667964,0.03193442425626845
2019-07-31,0.0022970415416810313,0.008310496528522034,0.006577721946621967,0.0021551277547464226,-0.00011038977124796055,0.0003579476387661072,-0.05779702083563684
2019-08-31,0.0022970415416810313,-0.01737030012109114,0.011745932047539227,-0.020559918780280868,0.00045005060585706993,-0.0005998041514459093,0.012604018836853862
2019-09-30,0.0022970415416810313,0.009672873008607615,-0.0010480985519342695,0.029137327244171632,0.0015454567974714478,0.0032699000514309247,-0.024010911637787794
2019-10-31,0.0022970415416810313,0.014100596568885748,-0.0009035332344260944,-0.008275690578226262,0.0003651353972047926,-0.0009964488322407848,0.013833856088074874
2019-11-30,0.0022970415416810313,0.02636198488965596,-0.0014095118457047072,-0.00862051101898569,-0.0013926094218973484,-0.0011028656978198975,0.018982216939311253
2019-12-31,0.0022970415416810313,0.018800795425180997,-0.0035779916083273334,0.007456742031422622,4.2457604326138675e-05,0.001151237000355858,0.0005731445253573733
2020-01-31,0.0022970415416810313,-0.0006130694160385108,0.01579376093776813,-0.026809789269045495,-0.0010104909829621003,-0.0021186630510750667,0.002022105055483312
2020-02-29,0.0022970415416810313,-0.055516841563487365,-0.0002891306350163502,-0.01646517604626267,-0.0012142874837275661,-0.0024475879083195977,-0.008168201517812668
2020-03-31,0.0022970415416810313,-0.09093863004571244,0.029563607430421805,-0.05961083369628605,-0.0013671348593016653,0.001151237000355858,0.003766576910658556
2020-04-30,0.0022970415416810313,0.09250536299781086,-0.009288321649900249,-0.005775742382720413,0.002343659758802855,-0.0009867745717335927,-0.05631811726573603
2020-05-31,0.0022970415416810313,0.03807842261839195,-0.006939135240392404,-0.021551277547464227,0.0008151860030618625,-0.003057066320272699,-0.019243591494257646
2020-06-30,0.0022970415416810313,0.016620993057044068,-0.007047559228523536,-0.009353254455599475,0.00011888129211318831,0.0005320843278955647,-0.04136500329536845
2020-07-31,0.0022970415416810313,0.039713274394494645,0.011529084071276964,-0.006206767933669697,0.0003226777928786539,0.0009384032691976323,0.048051594151680935
2020-08-31,0.0022970415416810313,0.051906543891260586,0.003216578314556896,-0.013016971638668393,0.0036258794094522423,-0.001460813336586005,0.06703076442341498
2020-09-30,0.0022970415416810313,-0.02479525193755755,3.614132937704377e-05,-0.01172389498582054,-0.0011718298794014274,-0.0018671322778880722,0.013734763845983506
2020-10-31,0.0022970415416810313,-0.014168715392890026,-0.01687800081907944,0.018318585915344594,-0.0006538471066225356,-0.0005514328489099488,-0.04030926113053816
2020-11-30,0.0022970415416810313,0.08473981706132304,-0.02573262651645517,0.009008434014840045,-0.0019105921946762402,0.001238305344920587,0.06403877172483102
2020-12-31,0.0022970415416810313,0.03153901551398117,-0.017817675382882578,-0.00724122925594798,-0.0016728296104498636,-5.8045563043152504e-05,0.005784531405143659
2021-01-31,0.0022970415416810313,-0.0004768317680299529,-0.02461224530576681,0.013879022740566961,-0.003099405115808123,0.004808107472074466,-0.010046735772651406
2021-02-28,0.0022970415416810313,0.019141389545202392,-0.016263598219669696,0.031033839668348488,0.00028022018855251526,-0.0019251778409312252,0.020906507877597333
2021-03-31,0.0022970415416810313,0.02152554838535216,0.003035871667671677,0.03168037799477241,0.005392115749419612,0.0034053396985316143,-0.0051351098245537435
2021-04-30,0.0022970415416810313,0.033855055530126646,0.011420660083145833,-0.004396460619682702,0.00206343957025034,-0.0026313988579562473,0.03364332006345989
2021-05-31,0.0022970415416810313,0.00197544589612409,-0.004589948830884559,0.030344198786829632,0.00198701588246329,0.0029119524126648175,0.017774747451907012
2021-06-30,0.0022970415416810313,0.018596438953168162,0.0010842398813113133,-0.03387860830461376,-0.0018171854651587356,-0.000899706227168864,-0.025183177111189736
2021-07-31,0.0022970415416810313,0.009127922416573384,0.016444304866554918,-0.007758459917087122,0.004670336475875254,-0.000561107109417141,-0.022888737542634683
2021-08-31,0.0022970415416810313,0.0200950530812623,0.002385327738884889,-0.0009913587671833543,-0.0002207795424959211,-0.0016639728072370386,0.004977053910416911
2021-09-30,0.0022970415416810313,-0.02997228256188275,-0.0040478288902289035,0.022068508208603368,-0.001630372006123725,0.001934852101438417,-0.03554611836377825
2021-10-31,0.0022970415416810313,0.04516278031483696,0.009758158931801821,-0.0022844354200312078,0.0014520500679539427,-0.0014898361181075812,-0.0033459417818093792
2021-11-30,0.0022970415416810313,-0.01076277419267608,0.006144025994097442,-0.0015947945385123528,0.006105403502098742,0.0016446242862226546,-0.03979048618692057
2021-12-31,0.0022970415416810313,0.02207049897738639,0.0028190236914094145,0.014008330405851747,0.004143862182231135,0.004150257757585405,0.03104272985723771
2022-01-31,0.0022970415416810313,-0.04189307676263158,0.014492673080194552,0.05542988585207798,0.0006538471066225356,0.007478203372059482,0.00843102117344715
2022-02-28,0.0022970415416810313,-0.015531091872975605,-0.01033642020183452,0.013189381859048107,-0.00172377873564123,0.0029313009336792016,0.03610482802238209
2022-03-31,0.0022970415416810313,0.020980597793317925,0.0076258204985562355,-0.008189485468036406,-0.0012737281297841602,0.003105437622808659,0.07332331679595404
2022-04-30,0.0022970415416810313,-0.06409981338802652,0.001264946528196532,0.02663737904866578,0.0028956086150426575,0.005727162220257715,-0.05995656779413783
2022-05-31,0.0022970415416810313,-0.002247921192141206,0.00010842398813113131,0.03637855650011961,0.001316185734110299,0.0038213329003408737,-0.06319214275339344
2022-06-30,0.0022970415416810313,-0.05721981216359434,-0.004806796807146822,-0.02586153305695707,0.0014945076722800814,-0.004430811312293975,-0.04803063270850477
2022-07-31,0.0022970415416810313,0.06518971457209499,-0.0065415806172449235,-0.01780135525420545,0.0006793216692182188,-0.006626868447426578,0.06302203361838221
2022-08-31,0.0022970415416810313,-0.02568079664961317,-0.005385058077179522,0.0007758459917087122,-0.004024980890117946,0.0012963509079637395,-0.03704672587340668
2022-09-30,0.0022970415416810313,-0.06362298161999656,0.0035418502789502895,0.00012930766528478535,-0.0011378637959405164,-0.0007352437985465985,0.008553817868362387
2022-10-31,0.0022970415416810313,0.05354139566736328,-0.006577721946621967,0.034352736410657975,0.0027852188437946968,0.006210875245617318,0.010213697736635732
2022-11-30,0.0022970415416810313,0.03194772845800684,0.009938865578687037,0.006379178154049411,0.005341166624228245,0.003057066320272699,0.017809596372271856
2022-12-31,0.0022970415416810313,-0.043459809714729986,0.0007228265875408755,0.005775742382720413,0.0002972032302829707,0.004150257757585405,-0.0035289994536469894
2023-01-31,0.0022970415416810313,0.04495842384282413,-0.015902184925899263,-0.01698240670740181,-0.0020719310911155673,-0.004266348883671709,-0.0030509001248930773
2023-02-28,0.0022970415416810313,-0.017506537769099696,-0.002096197103868539,-0.0034482044075942763,0.0008406605656575457,-0.0014511390760788127,-0.0023874360307509224
2023-03-31,0.0022970415416810313,0.016961587177065467,0.02490137594078316,-0.039007812360910256,0.001927575236406696,-0.002031594706510338,0.0031153648346644025
2023-04-30,0.0022970415416810313,0.004291485912269575,0.009288321649900249,-0.0005172306611391414,0.002046456528519884,0.0027571642445497445,0.04039738676176801
2023-05-31,0.0022970415416810313,0.002247921192141206,0.0015540771632128823,-0.03357689041894926,-0.0015114907140105368,-0.006830027918077612,0.009483099185213763
2023-06-30,0.0022970415416810313,0.04400476030676422,-0.004589948830884559,-0.0005603332162340698,0.0019615413198676066,-0.0014995103786147731,0.016427106603875676
2023-07-31,0.0022970415416810313,0.02186614250537355,-0.010408702860588606,0.01749963736854095,-0.0005179827727788918,0.00048371302535960426,-0.003579111402666455
2023-08-31,0.0022970415416810313,-0.01607604246500984,0.01322772655199802,-0.004956793835916772,0.002827676448120836,-0.002147685832596643,0.023739888456609116
2023-09-30,0.0022970415416810313,-0.03562614495423791,0.0063608739703597044,0.0064653832642392675,0.0015794228809323588,-0.0008319864036185193,-0.012029387852256275
2023-10-31,0.0022970415416810313,-0.021457429561347878,0.014564955738948641,0.000948256212088426,0.002054948049385112,-0.0006965467565178301,-0.028017852495958975
2023-11-30,0.0022970415416810313,0.06048951571579973,0.0006505439287867879,0.007155024145758123,-0.0031588457618647175,-0.0011802597818774342,-0.015955178513849852
2023-12-31,0.0022970415416810313,0.0330376296420753,-0.026202463798356734,0.020990944331230155,-0.0025134901761074096,0.001151237000355858,-0.04233866614612999
2024-01-31,0.0022970415416810313,0.004972674152312366,0.020564416415537908,-0.010215305557498043,0.0005604403771050305,-0.0009771003112264006,0.05402444778856508
2024-02-29,0.0022970415416810313,0.03453624377016944,0.002999730338294633,-0.014784176397560462,-0.0017152872147760023,-0.002205731395639795,0.041540382607737764
2024-03-31,0.0022970415416810313,0.01934574601721523,0.004336959525245253,0.017930662919490234,0.0011293722750752887,0.0010061230927479769,-0.023184216844417183
2024-04-30,0.0022970415416810313,-0.03167525316198973,0.009324462979277293,-0.0019396149792717805,0.0009850164203664173,-0.00036762189927329927,-0.03989679473811206
2024-05-31,0.0022970415416810313,0.02942733196984852,-0.002096197103868539,-0.005732639827625485,0.002717286676872875,-0.0028829296311432416,0.016409169265459395
2024-06-30,0.0022970415416810313,0.01907327072119811,0.015649195620259952,-0.01448245851189596,0.0004670336475875255,-0.0016349500257154623,-0.04380891633156308
2024-07-31,0.0022970415416810313,0.008310496528522034,-0.030105727371077463,0.02400812318787515,0.0002207795424959211,0.0002612050336941863,0.06843338428574686
2024-08-31,0.0022970415416810313,0.010967130664688915,0.012902454587604625,-0.004870588725726915,0.0006368640648920801,0.0007642665800681748,0.057839235911043826
2024-09-30,0.0022970415416810313,0.011784556552740263,0.0032888609733109837,-0.011766997540915468,0.00016133889643932695,-0.00024185651267980213,-0.04242764054083742
2024-10-31,0.0022970415416810313,-0.0068118824004278974,0.0031081543264257646,0.003922332513638489,-0.0012652366089189325,0.0009867745717335927,-0.026430053495511814
2024-11-30,0.0022970415416810313,0.044209116778777056,-0.01673343550157127,0.0016378970936072811,-0.001927575236406696,-0.0018671322778880722,0.039571825182851454
2024-12-31,0.0022970415416810313,-0.02152554838535216,0.01380598782203072,-0.01280145886319375,0.001596405922662814,-0.0011609112608630503,-0.047482447402640356
2025-01-31,0.0022970415416810313,0.01907327072119811,0.004445383513376385,0.007586049696707408,-0.001995507403328518,-0.0031151118833158513,0.0019614300479813655
2025-02-28,0.0022970415416810313,-0.016552874233039794,0.01763696873599736,0.02086163666594537,0.0009085927325793678,0.002989346496722354,0.06491707150740693
2025-03-31,0.0022970415416810313,-0.043527928538734266,0.0053127754184254345,0.012370433312244465,0.0017747278608325964,-0.0004450159833308359,0.05530863329501824
2025-04-30,0.0022970415416810313,-0.005721981216359434,0.00661386327599901,-0.01418074062623146,-0.0024031004048594494,-0.00250563347136275,0.013658545735068348
2025-05-31,0.0022970415416810313,0.04128000734659305,0.0027828823620323706,-0.012111817981674895,0.0010954061916143777,0.0023992166057836373,-0.09647008448594865
2025-06-30,0.0022970415416810313,0.03310574846607959,0.0002891306350163502,-0.006163665378574768,-0.0027087951560076473,0.0013350479499925078,-0.06764864796974325
2025-07-31,0.0022970415416810313,0.013487527152847236,0.00043369595252452524,-0.005775742382720413,-0.00021228802163069337,-0.001934852101438417,-0.04028912906882083
2025-08-31,0.0022970415416810313,0.012533863616787332,-0.0174201207597351,0.018835816576483734,-0.0005859149397007137,0.0019058293199168408,0.04454008331733558
2025-09-30,0.0022970415416810313,0.023092281337450574,0.0078426684748185,-0.004525768284967487,-0.0017067956939107744,-0.0021960571351326034,-0.02858056763687443
2025-10-31,0.0022970415416810313,0.013351289504838678,0.0048790794659009104,-0.01370661252018725,-0.00445804845424456,-0.003937424026427179,-0.05225060334693931
2025-11-30,0.0022970415416810313,-0.0008855447120556266,-0.005348916747802478,0.016206560715693097,0.0012142874837275661,0.0006191526724602935,0.058849147413909994
2025-12-31,0.0022970415416810313,-0.002452277664154043,0.0007228265875408755,0.01034461322278283,0.0002717286676872875,0.00038697042028768344,-0.03669100109064424
2026-01-31,0.0022970415416810313,0.007016238872440734,-0.01178207337691627,0.016378970936072813,0.0016048974435280419,0.0017800639333233437,-0.06430189432035435
2026-02-28,0.0022970415416810313,-0.00803802123250492,-0.0023130450801308014,0.012068715426579965,0.0014180839844930317,0.004875827295624811,0.03771031361535496
2026-03-31,0.0022970415416810313,-0.03528555083421651,-0.002421469068261933,0.01418074062623146,-0.00172377873564123,-0.00011609112608630501,-0.030826039205371348
2026-04-30,0.0022970415416810313,0.06777822988425758,-0.0016625011513440135,-0.005905050048005198,-0.00352398115906951,-0.0036762189927329924,-0.06989367608660312
2026-05-31,0.0022970415416810313,0.033446342586100984,0.0095774522849166,-0.009956690226928471,-0.006929081026025832,-0.0014124420340500445,-0.028264504731540088
2026-06-30,0.0022970415416810313,-0.007288714168457852,-0.015757619608391085,0.015430714723984384,-0.0043052010786704615,0.0033376198749812697,0.05799331404739941
2026-07-31,0.0022970415416810313,-0.004087129440256738,0.00043369595252452524,0.009094639125029903,0.009383130556076646,0.0022637769586829476,-0.0004025479868117049
