date,alpha,Mkt-RF,SMB,HML,RMW,CMA,residual
2005-01-31,-0.00030217766432617213,-0.027354448935181703,0.0014085619662361942,0.0005125206154179802,0.0012757723630551746,-0.00031968479405978346,0.0007584301043166083
2005-02-28,-0.00030217766432617213,0.018700495999324215,0.00039538581508384406,0.00035144270771518635,0.000615266104168453,-3.938146013779942e-05,-0.0004169377946683303
2005-03-31,-0.00030217766432617213,-0.01919784961632752,0.0017421687477131877,0.0005076394666997136,0.00020810471170403557,0.00031041856814500714,-0.0036616019111272574
2005-04-30,-0.00030217766432617213,-0.02586238808417179,0.004929966881826681,2.1965169232199147e-05,0.0004659735935981666,-0.0001830079618168326,9.49900844462448e-05
2005-05-31,-0.00030217766432617213,0.03630681404124116,-0.0034102026550981547,-0.00014887503590712753,-0.00047049760906999345,6.023046844604616e-05,-0.002211020411352259
2005-06-30,-0.00030217766432617213,0.005769301957238322,-0.00397856976428118,0.0006980042667121063,0.0004071613924644175,-0.00010424504154123375,-0.003274415263933059
2005-07-31,-0.00030217766432617213,0.038992523573059004,-0.003422558461819525,-0.00019036480001239262,-0.0005383578411473964,-0.0001830079618168326,0.0015056592763309229
2005-08-31,-0.00030217766432617213,-0.011936486808079289,0.0011614458318087916,0.000327036964123854,-0.0008867070324780645,8.802914619037516e-05,-0.0008258496330494965
2005-09-30,-0.00030217766432617213,0.004774594723231715,0.0003830300083624739,0.00019036480001239262,0.00011762440226749836,-0.00014130994520033906,0.00010314959783383221
2005-10-31,-0.00030217766432617213,-0.02029202757373479,0.0018533710082055189,0.00010494469744272926,-0.00031668108302788017,-0.0002918861163154545,-0.007105990821917152
2005-11-30,-0.00030217766432617213,0.035908931147638525,-0.0011120226049233114,-0.0002904283487368554,-0.000357397222274322,-0.00025250465617765504,0.007257673155056189
2005-12-31,-0.00030217766432617213,-0.0023872973616158575,0.00030889516803425313,3.660861538699858e-05,8.143227849288349e-05,4.633112957388166e-05,-0.002897104449378688
2006-01-31,-0.00030217766432617213,0.0301396291904002,-0.007203435318558783,0.0002416168615541906,-0.0002985850211405728,-8.10794767542929e-05,-0.0019819667176197674
2006-02-28,-0.00030217766432617213,-0.0029841217020198222,0.0005683671091830258,-7.56578051331304e-05,-0.0002442968354786505,0.0004586781827814284,0.004904745824799021
2006-03-31,-0.00030217766432617213,0.014622196339897127,-0.004126839444937622,0.00014887503590712753,1.357204641548058e-05,-0.00010192848506253966,0.0025507089903989977
2006-04-30,-0.00030217766432617213,0.0072613628082482335,0.00097610873098824,0.0005515698051641119,0.0007871786920978736,-3.011523422302308e-05,-0.00021270313024086482
2006-05-31,-0.00030217766432617213,-0.03541157753063522,0.0035831839491973364,0.0005808566974737108,0.0003935893460489368,0.00035443314124019475,-0.0036190852172590833
2006-06-30,-0.00030217766432617213,-0.003382004595622465,0.000296539361312883,0.0002074488205263253,0.0005971700422811455,-3.011523422302308e-05,0.0012215964485463061
2006-07-31,-0.00030217766432617213,-0.007659245701850876,0.0044480904196932455,0.0006394304820929085,0.0007328905064359515,0.00019459074421030297,0.00242436706358484
2006-08-31,-0.00030217766432617213,0.020192556850334126,-0.0005560113024616557,-0.00047591200003098156,-0.0008188468004006618,0.0004864768605257575,-0.0009032985745210144
2006-09-30,-0.00030217766432617213,0.018302613105721573,0.0017174571342704473,1.7084020513932673e-05,0.0003528732068024951,0.00010656159801992782,0.0027071780219413977
2006-10-31,-0.00030217766432617213,0.032029572935012754,-0.0024340939241099145,-8.053895385139687e-05,-5.428818566192232e-05,7.412980731821066e-05,-0.001816399832352461
2006-11-30,-0.00030217766432617213,0.016910022978112324,-0.0007660600167249478,7.321723077399715e-06,9.04803094365372e-05,-0.00018764107477422075,-6.631564649922303e-05
2006-12-31,-0.00030217766432617213,0.008455011489056162,0.0010008203444309804,0.0006711579487616407,-0.00029406100566874594,0.00043551261799448755,-0.0005948603878826505
2007-01-31,-0.00030217766432617213,0.013726959829291181,-2.4711613442740254e-05,-0.00016595905642106024,8.595629396471035e-05,8.339603323298699e-05,-0.002763291340670904
2007-02-28,-0.00030217766432617213,-0.019496261786529502,-0.001643322293942227,-2.1965169232199147e-05,-0.00023524880453499672,-0.00014825961463642133,-0.0015703978885316834
2007-03-31,-0.00030217766432617213,0.007062421361446912,-0.00017298129409918178,-0.00021721111796285824,0.0002488208509504773,-0.00015520928407250357,0.0008252738546040269
2007-04-30,-0.00030217766432617213,0.034715282466830595,0.002570007798044986,-0.00035144270771518635,0.0005338338256755695,0.0002339722043481024,0.0024969854998298027
2007-05-31,-0.00030217766432617213,0.03222851438181408,-0.00040774162180521413,-0.00014155331282972783,0.0006650302743585484,-0.0002872530033580663,-0.0019354979103985426
2007-06-30,-0.00030217766432617213,-0.019496261786529502,-0.0008649064704959088,-0.0002538197333498568,0.00022167675811951614,1.3899338872164498e-05,0.002061021808953855
2007-07-31,-0.00030217766432617213,-0.0370031091050458,0.0037932326634606286,-0.0009054530872384316,0.00012214841773932524,-0.00026872055152851363,-0.0007465304938383405
2007-08-31,-0.00030217766432617213,0.009350247999662107,0.0004200974285265843,-0.0004612685538761821,-0.0005700259494501844,-0.00013204371928556273,0.0003281848907735127
2007-09-30,-0.00030217766432617213,0.032029572935012754,0.003027172646735681,-0.0005198423384953798,-0.00022167675811951614,-0.0006833841612147545,0.002185156942004482
2007-10-31,-0.00030217766432617213,0.01780525948871827,6.177903360685063e-05,-0.0006882419692755732,-0.00014476849509845952,1.3899338872164498e-05,-0.006379435272215985
2007-11-30,-0.00030217766432617213,-0.047745947232317155,0.0035955397559187066,-0.00026602260514552303,0.0007962267230415274,-8.339603323298699e-05,0.0018728928447653004
2007-12-31,-0.00030217766432617213,-0.008653952935857483,-0.0002347603277060324,-0.00011714756923839544,0.00040263737699259053,-0.00024787154322026693,-0.004807191960155237
2008-01-31,-0.00030217766432617213,-0.06286549718921759,0.0007289925965608374,0.0009811108923715617,0.0009500432490836407,0.0004795271910896752,-0.002533031985752443
2008-02-29,-0.00030217766432617213,-0.030736453530804165,0.0007660600167249478,-0.00017328077949845994,0.0004840696554854741,-0.00022702253491202015,0.003046306175175796
2008-03-31,-0.00030217766432617213,-0.009350247999662107,-0.0007907716301676881,8.297952821053012e-05,0.0003935893460489368,0.00010887815449862189,-0.0007846198610854203
2008-04-30,-0.00030217766432617213,0.0458560034877046,0.0014826968065644152,-0.0002416168615541906,0.0008324188468161423,-0.0005953550150243793,-0.001169501246626424
2008-05-31,-0.00030217766432617213,0.01860102527592356,-0.0037190978231324075,-0.0003831701743839185,0.0004252574543517248,3.243179070171717e-05,-0.001337867935086702
2008-06-30,-0.00030217766432617213,-0.08385381982675699,-0.0014332735796789345,-0.0006077030154241765,0.002248435689497949,-0.00015984239702989173,-0.0011676593817250003
2008-07-31,-0.00030217766432617213,-0.0074603042550495545,-0.0046087159070710565,0.0012715392411084174,-0.0006333621660557603,0.0002293390913907142,0.0010181871998620126
2008-08-31,-0.00030217766432617213,0.015219020680301093,-0.004040348797888031,0.00036852672822911903,0.0008233708158724886,0.00015520928407250357,0.0019302766067895993
2008-09-30,-0.00030217766432617213,-0.09300512637961779,-0.0004571648486906947,0.00137892451291028,0.0010088554502173898,0.0003984477143353823,-0.004695559586440287
2008-10-31,-0.00030217766432617213,-0.17108964424913645,0.0037561652432965185,-0.00046859027695358177,0.0012350562238087328,0.00033821724588933616,0.000544465628793317
2008-11-30,-0.00030217766432617213,-0.0769903399121114,0.00490525526838394,-0.0015155966770217413,0.0021036671943994905,0.0005652397808013562,0.0013270013691223381
2008-12-31,-0.00030217766432617213,0.01760631804191695,-0.004077416218052142,4.881148718266478e-06,4.976417019009546e-05,-0.000361382810676277,-0.0031232478199595213
2009-01-31,-0.00030217766432617213,-0.08047181523113453,0.0026194310249304667,-0.0026870723694056957,0.00014476849509845952,-0.0002872530033580663,-0.0011306446192010516
2009-02-28,-0.00030217766432617213,-0.10086331352827,0.0014456293864003045,-0.0016083385026688043,0.00047502162454182034,-0.000138993388721645,-0.0065568280834222975
2009-03-31,-0.00030217766432617213,0.08962312178399531,-0.0007537042100035776,0.0008468793026192339,-0.001162671976259503,-0.000472577521653593,-0.004667750646546898
2009-04-30,-0.00030217766432617213,0.10116172569847197,-0.008747911158730049,0.001310588430854549,0.0005971700422811455,7.644636379690474e-05,0.0051506273523222595
2009-05-31,-0.00030217766432617213,0.05172477616834358,0.0028047681257510186,0.00010494469744272926,-0.0004252574543517248,-0.0004633112957388166,0.0050094172945455845
2009-06-30,-0.00030217766432617213,0.00417777038282775,-0.0028171239324723883,-0.0006784796718390403,-0.0006288381505839335,-8.339603323298699e-05,-0.00042293131323922924
2009-07-31,-0.00030217766432617213,0.0769903399121114,-0.002841835545915129,0.0011934408616161537,-0.00011762440226749836,0.0007134993954377776,-0.0011298730444148364
2009-08-31,-0.00030217766432617213,0.03312375089242003,0.00012355806721370125,0.0018548365129412614,-0.0012893444094706553,0.0007598305250116592,0.00256936208329607
2009-09-30,-0.00030217766432617213,0.04058405514746958,-0.0033607794282126745,0.00028066605130032244,0.0005202617792600889,7.876292027559884e-05,-0.0024442344922173467
2009-10-31,-0.00030217766432617213,-0.025365034467168486,0.0059925662598645105,-0.0010177195077585605,0.0019091345291109348,-0.0003428503588467243,-9.906215075120017e-05
2009-11-30,-0.00030217766432617213,0.05550466365756869,0.0034102026550981547,-8.053895385139687e-05,0.0004071613924644175,0.0,0.002667696477592102
2009-12-31,-0.00030217766432617213,0.02725497821178104,-0.007586465326921257,-2.6846317950465625e-05,0.00032120509849970706,-1.3899338872164498e-05,-0.0006460805878331886
2010-01-31,-0.00030217766432617213,-0.033322692339221346,-0.000494232268854805,8.053895385139687e-05,-0.000488593670957301,0.00011582782393470416,-0.0019309133517740815
2010-02-28,-0.00030217766432617213,0.033720575232823985,-0.0018410152014841487,0.0007761026462043699,-0.00013119644868297894,0.0003289510199745598,-0.0013565417183417083
2010-03-31,-0.00030217766432617213,0.06266655574241627,-0.0022611126300107333,0.0005344857846501793,-0.00027596494378143843,0.0004030808272927704,1.5042094495723579e-05
2010-04-30,-0.00030217766432617213,0.019894144680132148,-0.006128480133799582,0.0007224100103034387,0.00027596494378143843,0.0004030808272927704,0.0005052457567292588
2010-05-31,-0.00030217766432617213,-0.07858187148652197,-9.884645377096101e-05,-0.0006052624410650432,0.0005881220113374919,-5.328079900996391e-05,-0.0005012774303906758
2010-06-30,-0.00030217766432617213,-0.05540519293416803,0.0029901052265715704,-0.001154391671870022,-4.52401547182686e-05,-0.0003660159236336652,0.0024420228570315866
2010-07-31,-0.00030217766432617213,0.06883374059325723,-4.942322688548051e-05,-0.00011958814359752869,7.238424754922976e-05,0.000472577521653593,-0.0007068754592887694
2010-08-31,-0.00030217766432617213,-0.04744753506211516,0.003780876856739259,-0.00042221936413005027,0.0002714409283096116,-0.0003706490365910533,-0.0005904644670470388
2010-09-30,-0.00030217766432617213,0.094994540847631,-0.004509869453300096,-0.0007370534564582381,-8.595629396471035e-05,8.802914619037516e-05,7.014748934733306e-06
2010-10-31,-0.00030217766432617213,0.0384951699560557,-0.0009019738906600192,-0.0006003812923467768,0.0005790739803938381,-8.802914619037516e-05,0.0009207037120523912
2010-11-30,-0.00030217766432617213,0.005868772680638983,-0.004373955579365024,-0.0002196516923219915,0.00014476849509845952,0.00041466360968624085,-0.0016324198494104953
2010-12-31,-0.00030217766432617213,0.06783903335925062,-0.0011985132519729022,0.0008688444718514329,-0.0015472132913647862,0.0007343484037460244,0.00035793022322419543
2011-01-31,-0.00030217766432617213,0.019695203233330825,0.002854191352636499,0.00014887503590712753,-0.00028953699019691905,0.00018764107477422075,0.0009060581142722179
2011-02-28,-0.00030217766432617213,0.03461581174342993,-0.002038708109026071,0.0002879877743777222,-0.0008278948313443155,0.00019459074421030297,0.002707650616051896
2011-03-31,-0.00030217766432617213,0.004575653276430393,-0.0031630865206707525,-0.0004490656820805159,0.0007826546766260468,-1.6215895350858585e-05,-0.001407663505893641
2011-04-30,-0.00030217766432617213,0.02884650978619161,0.0006548577562326167,-0.0005955001436285101,0.0005066897328446084,-0.00019922385716769116,5.0058908954236925e-05
2011-05-31,-0.00030217766432617213,-0.012632781871883913,0.000889618083938649,-0.0004515062564396492,0.0008686109705907571,-0.0003312675764532539,0.0007454693936355828
2011-06-30,-0.00030217766432617213,-0.017307905871714966,-7.413484032822075e-05,-4.881148718266477e-05,0.0010269515121046973,-0.0003289510199745598,0.00016489867273508652
2011-07-31,-0.00030217766432617213,-0.023375619999155273,0.001371494546072084,-0.0002196516923219915,0.0012169601619214255,-0.00040076427081407636,0.001705462355565103
2011-08-31,-0.00030217766432617213,-0.0592845511467938,0.0038179442769033685,-0.000593059569269377,0.0015426892758929592,-6.254702492474025e-05,-0.00019411422446855703
2011-09-30,-0.00030217766432617213,-0.07529933761430017,0.004312176545758174,-0.00037340787694738556,0.0009002790788935453,3.474834718041125e-05,0.0013070219775900976
2011-10-31,-0.00030217766432617213,0.11279980033634927,-0.004015637184445291,1.464344615479943e-05,-0.0010179034811610434,-0.00016679206646597397,0.00183540599602601
2011-11-30,-0.00030217766432617213,-0.00268570953181784,0.0003706742016411038,-0.0001269098666749284,0.0008776590015344109,0.00033358413293194794,-0.0025309222805603225
2011-12-31,-0.00030217766432617213,0.0074603042550495545,0.00035831839491973363,0.00037584845130651876,0.00047954564001364717,0.0005721894502374387,0.0015040686411015806
2012-01-31,-0.00030217766432617213,0.050232715317333664,-0.0024958729577167654,-0.0002269734153993912,-0.0009319471871963332,-0.0003428503588467243,0.00044184017138972076
2012-02-29,-0.00030217766432617213,0.04376711829629073,0.002063419722468811,0.00010250412308359602,-0.00016286455698576697,-1.6215895350858585e-05,-0.002046630779280738
2012-03-31,-0.00030217766432617213,0.030935394977605488,0.000593078722625766,0.0002904283487368554,-0.00027596494378143843,0.00015984239702989173,0.0007636908383633137
2012-04-30,-0.00030217766432617213,-0.0083555407656555,0.0006177903360685063,-0.00018792422565325938,0.0005881220113374919,0.0001505761711151154,0.0008134644119014191
2012-05-31,-0.00030217766432617213,-0.06137343633820767,9.884645377096101e-05,-0.00023185456411765768,0.0009183751407808526,0.0005443907724931096,0.00018980393087307534
2012-06-30,-0.00030217766432617213,0.038793582126257685,-0.0011120226049233114,0.00013423158975232815,-0.00047954564001364717,0.00010192848506253966,0.003445333926988571
2012-07-31,-0.00030217766432617213,0.007858187148652199,0.003471981688705005,-1.464344615479943e-05,0.0004659735935981666,2.3165564786940832e-06,0.0003477185924136046
2012-08-31,-0.00030217766432617213,0.025265563743767826,-0.0005312996890189154,0.00030507179489165485,-0.000678602320774029,-0.00019690730068899707,0.0010911158809530294
2012-09-30,-0.00030217766432617213,0.02715550748838038,-0.0007042809831180971,0.00039781362053871786,-0.0005881220113374919,0.00036369936715497113,-0.0010716036163776095
2012-10-31,-0.00030217766432617213,-0.01750684731851629,0.0010255319578737205,0.0008590821744149,-0.0006333621660557603,0.000583772232630909,-0.0023239603943867107
2012-11-30,-0.00030217766432617213,0.007758716425251538,-0.000494232268854805,-0.00021232996924459174,0.0001719125879294207,0.00018764107477422075,-0.00155050383229801
2012-12-31,-0.00030217766432617213,0.011737545361277966,-0.002359959083781694,0.0008590821744149,-0.00077813066115422,0.00018532451829552664,-0.0005070125218450058
2013-01-31,-0.00030217766432617213,0.05540519293416803,-0.0005189438822975453,0.0002464980102724571,-0.0009093271098371987,0.00035211658476150064,-0.0030830753416037637
2013-02-28,-0.00030217766432617213,0.012831723318685234,0.000296539361312883,4.3930338464398294e-05,-0.00026691691283778476,0.000138993388721645,1.6702563338896748e-05
2013-03-31,-0.00030217766432617213,0.04008670153046628,-0.0010873109914805712,-5.125206154179801e-05,0.00012214841773932524,0.00032663446349586573,-0.0011233995937927205
2013-04-30,-0.00030217766432617213,0.015517432850503075,0.002780056512308278,0.00011226642052012897,0.00017643660340124756,9.729537210515148e-05,0.0008310107605795924
2013-05-31,-0.00030217766432617213,0.027951273275585664,-0.0025082287644381356,0.0006613956513251076,-0.0009048030943653721,-0.00021775630899724377,-0.0010700547884015497
2013-06-30,-0.00030217766432617213,-0.011936486808079289,-0.0019027942350909994,-9.762297436532956e-06,-0.0001266724332111521,-1.3899338872164498e-05,0.000947187004983311
2013-07-31,-0.00030217766432617213,0.05620095872137332,-0.0021746219829611424,0.0001391127384705946,-0.0006062180732247993,0.00013436027576425682,-0.0017144342600465545
2013-08-31,-0.00030217766432617213,-0.026956566041579057,3.7067420164110375e-05,-0.0006662768000433741,0.00032120509849970706,-0.0005026927558766161,-0.0019227915332563975
2013-09-30,-0.00030217766432617213,0.03750046272204909,-0.003274288781163083,-0.0002879877743777222,-0.0002442968354786505,-0.000305785455187619,-0.0014394580210560434
2013-10-31,-0.00030217766432617213,0.041479291658075526,0.0018533710082055189,0.00029775007181425506,0.0012441042547523865,0.0002061735266037734,0.0015280004526713117
2013-11-30,-0.00030217766432617213,0.03103486570100615,-0.001779236167877298,4.637091282353154e-05,0.00011762440226749836,1.3899338872164498e-05,0.000506476530174927
2013-12-31,-0.00030217766432617213,0.027851802552185,0.0005436554957402856,0.0,-0.00026239289736595787,1.8532451829552666e-05,-0.0019232881390356116
2014-01-31,-0.00030217766432617213,-0.032825338722218045,-0.0007413484032822076,-0.0004856742974675145,-0.0017688900494843025,-0.0003567496977188888,0.001232043505407232
2014-02-28,-0.00030217766432617213,0.04655229855150922,-0.00016062548737781163,-8.542010256966334e-05,-0.00011310038679567151,-0.0001250940498494805,-0.00024984293290782056
2014-03-31,-0.00030217766432617213,0.00407829965942709,0.0013962061595148242,0.0011958814359752869,0.0009138511253090258,0.0004447788439092639,0.0005684806504155813
2014-04-30,-0.00030217766432617213,-0.001889943744612554,0.005028813335597641,0.00029775007181425506,0.0015381652604211326,0.00021543975251854975,0.0020634726773559476
2014-05-31,-0.00030217766432617213,0.02029202757373479,0.002298180050174844,-2.4405743591332386e-05,-4.0716139246441744e-05,-0.00022238942195463196,0.0012060340184874459
2014-06-30,-0.00030217766432617213,0.02596185880757245,-0.003780876856739259,-0.00017328077949845994,-0.0008278948313443155,-0.00044246228743056987,0.00020959434545352387
2014-07-31,-0.00030217766432617213,-0.020192556850334126,0.005177083016254084,-1.952459487306591e-05,0.0004252574543517248,0.00011814438041339825,0.001356305263977257
2014-08-31,-0.00030217766432617213,0.042175586721880154,-0.00035831839491973363,-0.00014155331282972783,-0.00028953699019691905,-0.00015984239702989173,-0.001460757814243506
2014-09-30,-0.00030217766432617213,-0.019496261786529502,0.0045222252600214665,-0.0003587644307925861,0.0005428818566192232,-0.0001366768322429509,0.001432655968460721
2014-10-31,-0.00030217766432617213,0.02496715157356584,-0.004485157839857356,-0.00040757591797525085,-0.00017643660340124756,4.864768605257574e-05,0.003906136942304208
2014-11-30,-0.00030217766432617213,0.02546450519056915,0.002841835545915129,-0.0007638997744087037,0.0007102704290768172,3.243179070171717e-05,-0.000510898720873839
2014-12-31,-0.00030217766432617213,-0.0004973536170033037,-0.003496693302147746,0.0005149611897771133,-0.00054740587209105,0.0002084900830824675,0.0015834406446293909
2015-01-31,-0.00030217766432617213,-0.030736453530804165,0.0011738016385301618,-0.000849319876978367,0.000714794444548644,-0.0003799152625058296,0.0007503460541290266
2015-02-28,-0.00030217766432617213,0.061075024168005684,-0.00048187646213343493,-0.0004271005128483168,-0.0004976417019009546,-0.0004053973837714646,-0.0027561174386243406
2015-03-31,-0.00030217766432617213,-0.010842308850672019,-0.0038055884701819987,-9.274182564706307e-05,3.1668108302788025e-05,-0.00014362650167903314,-0.0005509462668551006
2015-04-30,-0.00030217766432617213,0.0059682434040396444,0.0037067420164110377,0.0004417439590031162,2.26200773591343e-05,-0.00014362650167903314,0.00014035925845257147
2015-05-31,-0.00030217766432617213,0.013726959829291181,-0.0010255319578737205,-0.0002684631795046563,-0.0007917027075697006,-0.0001922741877316089,0.0017093148962809782
2015-06-30,-0.00030217766432617213,-0.015318491403701753,-0.0036078955626400767,-0.0001952459487306591,0.00015834054151394009,-0.0003567496977188888,-0.0006899468174909884
2015-07-31,-0.00030217766432617213,0.015616903573903737,0.005658959478387518,-0.0010152789333994273,0.00014024447962663266,-0.0005675563372800504,0.003057781459419262
2015-08-31,-0.00030217766432617213,-0.059881375487197755,-0.00035831839491973363,0.0006711579487616407,0.0002985850211405728,0.00029651922927284265,-0.001674170255869696
2015-09-30,-0.00030217766432617213,-0.030438041360602186,0.003459625881983635,0.00013423158975232815,0.000814322784928835,-0.00013436027576425682,0.0009504289385505148
2015-10-31,-0.00030217766432617213,0.07708981063551207,0.002545296184602246,-0.00011226642052012897,0.0004297814698235517,0.00014362650167903314,0.005265859911211604
2015-11-30,-0.00030217766432617213,0.005669831233837661,-0.004065060411330771,-0.00010494469744272926,-0.001198864100034118,-0.00025482121265634915,0.003910965005143178
2015-12-31,-0.00030217766432617213,-0.021386205531142056,0.0036449629828041873,-0.0006272276102972423,0.00015381652604211325,3.011523422302308e-05,0.0011042255060910444
2016-01-31,-0.00030217766432617213,-0.05709619523197926,0.0042503975121513235,0.0005076394666997136,0.001257676301167867,0.0007065497260016954,0.0007891340212718284
2016-02-29,-0.00030217766432617213,-0.0006962950638046252,-0.0010749551847592008,-0.00014887503590712753,0.001492925105702864,0.00045636162630273436,-0.0007527115729010726
2016-03-31,-0.00030217766432617213,0.06913215276345921,-0.0012479364788583827,0.0003001906461733884,0.0003076330520842265,1.3899338872164498e-05,-0.001137478911510434
2016-04-30,-0.00030217766432617213,0.009051835829460127,-0.0015197642267285255,0.0007858649436409029,-0.0012893444094706553,0.0004030808272927704,-0.0032881356071879464
2016-05-31,-0.00030217766432617213,0.01770578876531761,0.0007660600167249478,-0.0003953730461795847,-0.0004976417019009546,-0.0005884053455882971,0.00022287337048855146
2016-06-30,-0.00030217766432617213,-0.0002984121702019822,-0.0005189438822975453,-0.00036364557951085256,0.0006559822434148947,0.00044014573095187576,0.003663089942059582
2016-07-31,-0.00030217766432617213,0.03919146501986032,-0.0030765958736211616,-0.00030995294360992127,0.0006062180732247993,-0.0002733536644859018,0.0004355566237644326
2016-08-31,-0.00030217766432617213,0.0048740654466323755,-0.002075775529190181,0.0007736620718452366,-0.0008324188468161423,-9.034570266906926e-05,-0.0013493000881957477
2016-09-30,-0.00030217766432617213,0.00268570953181784,-0.002236401016567993,-0.00029775007181425506,-0.001004331434745563,4.6331129573881664e-06,0.0010082272245578864
2016-10-31,-0.00030217766432617213,-0.019993615403532804,0.004991745915433531,0.0010006354872446276,0.00043430548529537855,6.486358140343434e-05,-0.0037328791249159957
2016-11-30,-0.00030217766432617213,0.04824330084932045,-0.008611997284794977,0.0020305578667988546,-7.690826302105662e-05,0.0008571258971168109,-0.005401261734365816
2016-12-31,-0.00030217766432617213,0.018004200935519594,-0.0005436554957402856,0.0008542010256966336,0.0005700259494501844,-7.412980731821066e-05,0.0014634525939991525
2017-01-31,-0.00030217766432617213,0.019297320339728183,0.001779236167877298,-0.0006687173744025074,-0.00022620077359134303,-0.00024787154322026693,-0.0021370054684563926
2017-02-28,-0.00030217766432617213,0.03531210680723456,0.002829479739193759,-0.0003709673025882523,0.00019000864981672812,-0.00041929672264362906,0.001652359844010208
2017-03-31,-0.00030217766432617213,0.0016910022978112325,-0.0009266855041027594,-0.0008127112615913685,0.00028953699019691905,-0.00022238942195463196,0.0012332903868632807
2017-04-30,-0.00030217766432617213,0.01074283812727136,-0.0005189438822975453,-0.0005076394666997136,0.0008052747539851811,-0.0003729655930697474,-0.00042033482177526206
2017-05-31,-0.00030217766432617213,0.0106433674038707,0.003694386209689668,-0.0009322994051888971,0.0004478775317108591,-0.0003868649319419119,0.000348621121143455
2017-06-30,-0.00030217766432617213,0.007758716425251538,-0.0031383749072280117,0.00036852672822911903,-0.0010269515121046973,2.3165564786940832e-06,0.0021129681164124303
2017-07-31,-0.00030217766432617213,0.018700495999324215,0.0020263523023047003,-5.6133210260064486e-05,-0.0003393011603870145,-3.474834718041125e-05,-0.0001401164579580491
2017-08-31,-0.00030217766432617213,0.001790473021211893,0.0022611126300107333,-0.0005198423384953798,9.04803094365372e-05,-0.0005513404419291918,-0.0007512905060810199
2017-09-30,-0.00030217766432617213,0.024768210126764525,-0.005881363999372179,0.0007687809231269702,-0.0006966983826613365,0.0003799152625058296,0.00021270353013246035
2017-10-31,-0.00030217766432617213,0.022380912765148663,0.002359959083781694,3.17274666687321e-05,0.00041620942340807115,-0.0007273987343099423,-0.0014950715472650498
2017-11-30,-0.00030217766432617213,0.03103486570100615,0.0004571648486906947,-2.1965169232199147e-05,0.0014431609355127684,-2.316556478694083e-05,-0.002821898035870997
2017-12-31,-0.00030217766432617213,0.010543896680470038,0.0012973597057438632,1.2202871795666193e-05,0.0003302531294433608,0.00041466360968624085,-0.0010682379456667963
2018-01-31,-0.00030217766432617213,0.05550466365756869,0.00396621395755981,-0.0003221558154055875,-0.0003393011603870145,-0.00024323843026287874,-0.0030049860577540527
2018-02-28,-0.00030217766432617213,-0.03620734331784051,-0.0004200974285265843,-0.0002684631795046563,0.00023977282000682359,-0.0005467073289718036,4.441963775530383e-05
2018-03-31,-0.00030217766432617213,-0.023375619999155273,-0.004460446226414615,-5.125206154179801e-05,-0.00019000864981672812,1.8532451829552666e-05,-0.0002494714411222683
2018-04-30,-0.00030217766432617213,0.002884650978619161,-0.0010996667982019412,0.00012935044103406165,-0.0010902877287102732,0.0002872530033580663,0.0029593326640107976
2018-05-31,-0.00030217766432617213,0.026160800254373773,-0.00581958496576533,-0.000766340348767837,-0.0008957550634217182,-0.0003451669153254184,0.004877366271826701
2018-06-30,-0.00030217766432617213,0.0048740654466323755,-0.0009513971175454997,-0.0005686538256780446,0.0003754932841616294,4.633112957388166e-05,0.0008772932843181297
2018-07-31,-0.00030217766432617213,0.031830631488211435,0.002359959083781694,0.0001147069948792622,0.0006966983826613365,7.412980731821066e-05,0.0006724391340096406
2018-08-31,-0.00030217766432617213,0.03441687029662861,-0.0008278390503317984,-0.0009591457231393628,-0.00015381652604211325,-0.0005884053455882971,-0.0012658048573010762
2018-09-30,-0.00030217766432617213,0.0005968243404039644,0.0030765958736211616,-0.00041001649233438406,0.00028953699019691905,0.0003173682375810894,0.0008773816688914214
2018-10-31,-0.00030217766432617213,-0.0759956326781048,0.005387131730517375,0.0008371170051827009,0.0004252574543517248,0.0008246941064150936,-0.0021806120984817073
2018-11-30,-0.00030217766432617213,0.017009493701512987,0.0010008203444309804,8.297952821053012e-05,-0.0002804889592532653,9.034570266906926e-05,-0.0008516595386779298
2018-12-31,-0.00030217766432617213,-0.094994540847631,0.003496693302147746,-0.0004588279795170488,-1.809606188730744e-05,5.096424253126983e-05,0.002277591049479208
2019-01-31,-0.00030217766432617213,0.08315752476295236,-0.003558472335754596,-9.762297436532954e-05,-0.00030310903661239966,-0.0003729655930697474,-0.0005574182351489043
2019-02-28,-0.00030217766432617213,0.034018987403025974,-0.002137554562797032,-0.0006491927795294416,6.78602320774029e-05,-0.0003474834718041125,-3.483034995241732e-05
2019-03-31,-0.00030217766432617213,0.010941779574072682,0.004373955579365024,-0.0010152789333994273,0.0004252574543517248,-0.00021080663956116159,0.0019877435106941295
2019-04-30,-0.00030217766432617213,0.03948987719006231,0.001371494546072084,0.0005198423384953798,0.0007102704290768172,-0.0005073258688340042,-0.0025295555615665113
2019-05-31,-0.00030217766432617213,-0.06883374059325723,0.001865726814926889,-0.0005759755487554444,-0.0002307247890631699,0.0004053973837714646,0.0018003531243843685
2019-06-30,-0.00030217766432617213,0.06953003565706185,-0.0002347603277060324,-0.00017572135385759318,0.00022167675811951614,-0.00011814438041339825,-0.0011345658338416664
2019-07-31,-0.00030217766432617213,0.012135428254880608,0.002248756823289363,0.00012202871795666194,-5.881220113374918e-05,8.571258971168108e-05,-0.0010115862846893937
2019-08-31,-0.00030217766432617213,-0.025365034467168486,0.004015637184445291,-0.0011641539693065547,0.00023977282000682359,-0.00014362650167903314,0.004376240739912732
2019-09-30,-0.00030217766432617213,0.014124842722893823,-0.00035831839491973363,0.001649828266774069,0.0008233708158724886,0.0007829960897986001,0.0009375373010601269
2019-10-31,-0.00030217766432617213,0.020590439743936772,-0.00030889516803425313,-0.00046859027695358177,0.000194532665288555,-0.00023860531730549058,0.0011378596864951712
2019-11-30,-0.00030217766432617213,0.0384951699560557,-0.00048187646213343493,-0.00048811487182664776,-0.0007419385373796049,-0.00026408743857112547,-0.0012187750345907175
2019-12-31,-0.00030217766432617213,0.027453919658582362,-0.0012232248654156423,0.00042221936413005027,2.26200773591343e-05,0.0002756702209645959,0.0010066133947007685
2020-01-31,-0.00030217766432617213,-0.0008952365106059465,0.005399487537238745,-0.0015180372513808743,-0.0005383578411473964,-0.0005073258688340042,-0.0033420139900883516
2020-02-29,-0.00030217766432617213,-0.0810686395715385,-9.884645377096101e-05,-0.0009322994051888971,-0.0006469342124712411,-0.000586088789109603,0.003269090966659366
2020-03-31,-0.00030217766432617213,-0.1327934157398821,0.010107049898080762,-0.003375314338681269,-0.0007283664909641244,0.0002756702209645959,0.0007451514267066972
2020-04-30,-0.00030217766432617213,0.13508124237809727,-0.003175442327392122,-0.000327036964123854,0.0012486282702242133,-0.0002362887608267965,-0.005305240763267022
2020-05-31,-0.00030217766432617213,0.055604134380969346,-0.002372314890503064,-0.0012202871795666194,0.00043430548529537855,-0.0007320318472673304,-0.003866144637885649
2020-06-30,-0.00030217766432617213,0.024270856509761216,-0.0024093823106671746,-0.0005296046359319128,6.333621660557605e-05,0.00012741060632817457,-0.003586091124171107
2020-07-31,-0.00030217766432617213,0.057991431742585205,0.00394150234411707,-0.00035144270771518635,0.0001719125879294207,0.00022470597843332607,-0.002883852810916368
2020-08-31,-0.00030217766432617213,0.07579669123130348,0.0010996667982019412,-0.0007370534564582381,0.001931754606470069,-0.0003498000282828066,-0.007742364095650378
2020-09-30,-0.00030217766432617213,-0.03620734331784051,1.2355806721370127e-05,-0.0006638362256842409,-0.0006243141351121067,-0.000447095400387958,0.000688601710267911
2020-10-31,-0.00030217766432617213,-0.02068991046733743,-0.005770161738879849,0.0010372441026316266,-0.00034834919133066824,-0.00013204371928556273,0.0011716289118428591
2020-11-30,-0.00030217766432617213,0.12374157991042195,-0.00879733438561553,0.0005100800410588469,-0.0010179034811610434,0.00029651922927284265,-0.005753534459604498
2020-12-31,-0.00030217766432617213,0.04605494493450592,-0.006091412713635472,-0.00041001649233438406,-0.0008912310479498914,-1.3899338872164498e-05,-0.0013979636790888358
2021-01-31,-0.00030217766432617213,-0.0006962950638046252,-0.008414304377253054,0.0007858649436409029,-0.0016512656472168039,0.0011513285699109592,-0.0010635291339468056
2021-02-28,-0.00030217766432617213,0.027951273275585664,-0.005560113024616556,0.001757213538575932,0.0001492925105702864,-0.00046099473926012257,0.004270992343355567
2021-03-31,-0.00030217766432617213,0.031432748594608796,0.0010378877645950905,0.0017938221539629303,0.0028727498246100564,0.0008154278805003173,0.007748758724819178
2021-04-30,-0.00030217766432617213,0.04943694953012838,0.00390443492395296,-0.00024893858463159035,0.0010993357596539271,-0.0006301033622047907,-0.00034878568356591644
2021-05-31,-0.00030217766432617213,0.002884650978619161,-0.0015691874536140058,0.0017181643488298,0.0010586196204074852,0.000697283500086919,0.002078558324633613
2021-06-30,-0.00030217766432617213,0.02715550748838038,0.0003706742016411038,-0.0019182914462787257,-0.0009681393109709482,-0.00021543975251854975,-0.001694735275039591
2021-07-31,-0.00030217766432617213,0.01332907693568854,0.005621892058223407,-0.000439303384643983,0.002488208509504773,-0.00013436027576425682,0.0038489213215950925
2021-08-31,-0.00030217766432617213,0.029343863403194916,0.0008154832436104283,-5.6133210260064486e-05,-0.00011762440226749836,-0.0003984477143353823,0.00047513315752097107
2021-09-30,-0.00030217766432617213,-0.04376711829629073,-0.0013838503527934542,0.0012495740718762183,-0.0008686109705907571,0.0004633112957388166,-0.00199672186539792
2021-10-31,-0.00030217766432617213,0.06594908961463807,0.0033360678147699345,-0.00012935044103406165,0.0007736066456823931,-0.0003567496977188888,0.0008931059333536356
2021-11-30,-0.00030217766432617213,-0.015716374297304398,0.0021004871426329214,-9.030125128792984e-05,0.0032527671242435128,0.00039381460137799415,0.002326950033148572
2021-12-31,-0.00030217766432617213,0.03222851438181408,0.0009637529242668699,0.0007931866667183026,0.0022077195502515075,0.0009938027293597616,0.00926309847134045
2022-01-31,-0.00030217766432617213,-0.061174494891406354,0.00495467849526942,0.0031385786258453447,0.00034834919133066824,0.0017906981580305265,-0.0014968897847312326
2022-02-28,-0.00030217766432617213,-0.022679324935350645,-0.003533760722311856,0.0007468157538947711,-0.0009183751407808526,0.0007019166130443072,-0.0035321644905079545
2022-03-31,-0.00030217766432617213,0.030636982807403505,0.002607075218209096,-0.00046370912823531535,-0.000678602320774029,0.0007436146296608006,0.005047242142474914
2022-04-30,-0.00030217766432617213,-0.09360195072002175,0.0004324532352479544,0.0015082749539443413,0.0015426892758929592,0.0013714014353868973,0.0012804341410992681
2022-05-31,-0.00030217766432617213,-0.003282533872221804,3.7067420164110375e-05,0.002059844759108453,0.0007012223981331633,0.0009150398090841628,0.0018286117205321862
2022-06-30,-0.00030217766432617213,-0.08355540765655502,-0.001643322293942227,-0.001464344615479943,0.0007962267230415274,-0.00106098286724189,0.004169466700216312
2022-07-31,-0.00030217766432617213,0.09519348229443232,-0.002236401016567993,-0.0010079572103220275,0.0003619212377461488,-0.0015868411879054467,0.0008656502841671854
2022-08-31,-0.00030217766432617213,-0.03750046272204909,-0.0018410152014841487,4.3930338464398294e-05,-0.0021443833336459318,0.00031041856814500714,-0.0012684190783831609
2022-09-30,-0.00030217766432617213,-0.09290565565621713,0.0012108690586942724,7.321723077399715e-06,-0.0006062180732247993,-0.00017605829238075032,-0.0015739208213106232
2022-10-31,-0.00030217766432617213,0.07818398859291933,-0.002248756823289363,0.001945137764229191,0.0014838770747592099,0.0014872292593216012,-0.0015736857107600949
2022-11-30,-0.00030217766432617213,0.04665176927490989,0.0033978468483767846,0.00036120500515171935,0.002845605731779095,0.0007320318472673304,-0.0009948834084695449
2022-12-31,-0.00030217766432617213,-0.06346232152962154,0.0002471161344274025,0.000327036964123854,0.00015834054151394009,0.0009938027293597616,0.001110029839480664
2023-01-31,-0.00030217766432617213,0.06565067744443609,-0.005436554957402856,-0.000961586297498496,-0.0011038597751257537,-0.0010216014071040907,0.0025624574440757802
2023-02-28,-0.00030217766432617213,-0.025563975913969805,-0.0007166367898394673,-0.0001952459487306591,0.0004478775317108591,-0.0003474834718041125,-0.0018648696281158422
2023-03-31,-0.00030217766432617213,0.024768210126764525,0.008513150831024018,-0.002208719795015581,0.0010269515121046973,-0.0004864768605257575,0.0021667784576756763
2023-04-30,-0.00030217766432617213,0.006266655574241626,0.003175442327392122,-2.928689230959886e-05,0.0010902877287102732,0.0006602185964278137,0.001613662895853938
2023-05-31,-0.00030217766432617213,0.003282533872221804,0.0005312996890189154,-0.0019012074257647928,-0.0008052747539851811,-0.0016354888739580225,0.001846561117894349
2023-06-30,-0.00030217766432617213,0.06425808731682683,-0.0015691874536140058,-3.17274666687321e-05,0.0010450475739920047,-0.0003590662541975829,-0.002241070456206848
2023-07-31,-0.00030217766432617213,0.03193010221161209,-0.003558472335754596,0.0009908731898080948,-0.00027596494378143843,0.00011582782393470416,-0.0006670303034672816
2023-08-31,-0.00030217766432617213,-0.023475090722555932,0.0045222252600214665,-0.00028066605130032244,0.0015064971521183445,-0.0005142755382700865,-0.002208441193793098
2023-09-30,-0.00030217766432617213,-0.05202318833854557,0.0021746219829611424,0.00036608615386998577,0.0008414668777597961,-0.00019922385716769116,-0.0025922270923016896
2023-10-31,-0.00030217766432617213,-0.03133327787120813,0.004979390108712161,5.369263590093125e-05,0.0010948117441821,-0.00016679206646597397,-0.0007342550396148111
2023-11-30,-0.00030217766432617213,0.08833000237978673,0.00022240452098466225,0.00040513534361611765,-0.0016829337555195922,-0.0002826198904006781,0.0002541052713398162
2023-12-31,-0.00030217766432617213,0.04824330084932045,-0.00895795987299334,0.0011885597128978873,-0.0013391085796607507,0.0002756702209645959,0.002247121417551734
2024-01-31,-0.00030217766432617213,0.0072613628082482335,0.007030454024459602,-0.0005784161231145777,0.0002985850211405728,-0.0002339722043481024,-0.002249352541953357
2024-02-29,-0.00030217766432617213,0.050431656764135,0.0010255319578737205,-0.0008371170051827009,-0.0009138511253090258,-0.0005281748771422509,-0.0008890718147952781
2024-03-31,-0.00030217766432617213,0.028249685445787646,0.0014826968065644152,0.0010152789333994273,0.0006016940577529725,0.00024092187378418463,-0.0028860693746823735
2024-04-30,-0.00030217766432617213,-0.046253886381307244,0.0031877981341134924,-0.00010982584616099575,0.0005247857947319157,-8.802914619037516e-05,-0.0019784626467647254
2024-05-31,-0.00030217766432617213,0.04297135250908544,-0.0007166367898394673,-0.0003245963897647208,0.0014476849509845952,-0.0006903338306508367,0.003794670320541961
2024-06-30,-0.00030217766432617213,0.027851802552185,0.005350064310353265,-0.0008200329846687681,0.0002488208509504773,-0.00039149804489930004,-0.0007569773991253012
2024-07-31,-0.00030217766432617213,0.012135428254880608,-0.010292386998901315,0.0013593999180372138,0.00011762440226749836,6.254702492474025e-05,0.004528825780631325
2024-08-31,-0.00030217766432617213,0.016014786467506377,0.0044110229995291345,-0.00027578490258205597,0.0003393011603870145,0.0001830079618168326,-0.0018049643720850286
2024-09-30,-0.00030217766432617213,0.017208435148314306,0.0011243784116446815,-0.0006662768000433741,8.595629396471035e-05,-5.791391196735208e-05,-0.00038746426393900316
2024-10-31,-0.00030217766432617213,-0.009947072340066074,0.0010625993780378309,0.00022209226668112473,-0.0006740783053022022,0.0002362887608267965,-0.003421364935027406
2024-11-30,-0.00030217766432617213,0.06455649948702881,-0.005720738511994368,9.274182564706307e-05,-0.0010269515121046973,-0.000447095400387958,-0.0015187988584241738
2024-12-31,-0.00030217766432617213,-0.031432748594608796,0.004719918167563388,-0.0007248505846625719,0.0008505149087034496,-0.00027798677744329,-0.0005927911569442099
2025-01-31,-0.00030217766432617213,0.027851802552185,0.0015197642267285255,0.00042954108720745,-0.0010631436358793122,-0.0007459311861394948,-0.004533505711090898
2025-02-28,-0.00030217766432617213,-0.02417138578636056,0.006029633680028621,0.0011812379898204874,0.0004840696554854741,0.0007158159519164716,6.787954234147714e-05
2025-03-31,-0.00030217766432617213,-0.0635617922530222,0.0018163035880414086,0.0007004448410712395,0.0009455192336118137,-0.00010656159801992782,0.0013891514336364513
2025-04-30,-0.00030217766432617213,-0.0083555407656555,0.0022611126300107333,-0.0008029489641548354,-0.0012802963785270016,-0.0005999881279817675,-0.003090227983531254
2025-05-31,-0.00030217766432617213,0.0602792583808004,0.0009513971175454997,-0.00068580139491644,0.0005835979958656649,0.0005745060067161326,-0.00235587900796929
2025-06-30,-0.00030217766432617213,0.04834277157272112,9.884645377096101e-05,-0.00034900213335605315,-0.0014431609355127684,0.00031968479405978346,0.001319278277683536
2025-07-31,-0.00030217766432617213,0.019695203233330825,0.0001482696806564415,-0.000327036964123854,-0.00011310038679567151,-0.0004633112957388166,0.0009936179233070476
2025-08-31,-0.00030217766432617213,0.018302613105721573,-0.0059554988397004,0.0010665309949412253,-0.00031215706755605333,0.00045636162630273436,0.0034637727224291898
2025-09-30,-0.00030217766432617213,0.033720575232823985,0.002681210058537317,-0.0002562603077089901,-0.0009093271098371987,-0.0005258583206635569,-0.002087700438952275
2025-10-31,-0.00030217766432617213,0.019496261786529502,0.0016680339073849673,-0.0007761026462043699,-0.0023751081227091015,-0.0009428384868284919,0.003369341089561363
2025-11-30,-0.00030217766432617213,-0.0012931194042085895,-0.0018286593947627787,0.0009176559590340975,0.0006469342124712411,0.00014825961463642133,0.0006610693928699803
2025-12-31,-0.00030217766432617213,-0.003580946042423786,0.0002471161344274025,0.0005857378461919773,0.00014476849509845952,9.266225914776332e-05,0.00021033623517055467
2026-01-31,-0.00030217766432617213,0.010245484510268056,-0.00402799299116666,0.0009274182564706307,0.0008550389241752766,0.0004262463920797113,0.0036137759022412605
2026-02-28,-0.00030217766432617213,-0.011737545361277966,-0.0007907716301676881,0.0006833608205573067,0.0007555105837950857,0.001167544465261818,-0.0012179155084566847
2026-03-31,-0.00030217766432617213,-0.051525834721542256,-0.0008278390503317984,0.0008029489641548354,-0.0009183751407808526,-2.7798677744328995e-05,0.0005194676517372709
2026-04-30,-0.00030217766432617213,0.09897336978365742,-0.0005683671091830258,-0.0003343586872012537,-0.0018774664208081472,-0.0008802914619037515,0.007142036628488835
2026-05-31,-0.00030217766432617213,0.04884012518972442,0.003274288781163083,-0.0005637726769597781,-0.003691596625010718,-0.00033821724588933616,0.0023070977971613935
2026-06-30,-0.00030217766432617213,-0.0106433674038707,-0.005387131730517375,0.0008737256205696994,-0.0022936758442162184,0.0007992119851494587,0.0037608340803958074
2026-07-31,-0.00030217766432617213,-0.006067714127440304,0.00011120226049233113,0.0005149611897771133,0.005008085127312335,0.0005235417641848627,-0.002739674129930966
